# Pathway	5492_S3_Coverage	5501_S5_Coverage
UNINTEGRATED|g__Acidovorax.s__Acidovorax_avenae	1.0000000000	1.0000000000
UNINTEGRATED|g__Bacillus.s__Bacillus_sp_UMB0893	1.0000000000	0
UNINTEGRATED|g__Caulobacter.s__Caulobacter_sp_774	1.0000000000	1.0000000000
UNINTEGRATED|g__Massilia.s__Massilia_sp_BSC265	1.0000000000	0
UNINTEGRATED|g__Massilia.s__Massilia_sp_LC238	1.0000000000	1.0000000000
UNINTEGRATED|g__Sphingobium.s__Sphingobium_yanoikuyae	1.0000000000	1.0000000000
UNINTEGRATED|g__Sphingomonas.s__Sphingomonas_sp_RIT328	0	1.0000000000
UNINTEGRATED|unclassified	1.0000000000	1.0000000000
1CMET2-PWY: N10-formyl-tetrahydrofolate biosynthesis|g__Acidovorax.s__Acidovorax_avenae	0.0000000000	0.0000000000
1CMET2-PWY: N10-formyl-tetrahydrofolate biosynthesis|g__Caulobacter.s__Caulobacter_sp_774	0.0953669037	0.0000469597
1CMET2-PWY: N10-formyl-tetrahydrofolate biosynthesis|g__Massilia.s__Massilia_sp_LC238	0.0000000000	0.0000000000
1CMET2-PWY: N10-formyl-tetrahydrofolate biosynthesis|g__Sphingobium.s__Sphingobium_yanoikuyae	0.0058053974	0.0000000005
1CMET2-PWY: N10-formyl-tetrahydrofolate biosynthesis|g__Sphingomonas.s__Sphingomonas_sp_RIT328	0	0.0000057510
1CMET2-PWY: N10-formyl-tetrahydrofolate biosynthesis|unclassified	0.9998063465	0.0003729859
ALLANTOINDEG-PWY: superpathway of allantoin degradation in yeast|unclassified	0.0000000000	0.0000000000
ANAEROFRUCAT-PWY: homolactic fermentation|unclassified	0.0000000000	0.0000000000
ANAGLYCOLYSIS-PWY: glycolysis III (from glucose)|g__Caulobacter.s__Caulobacter_sp_774	0.0000092750	0.0000000000
ANAGLYCOLYSIS-PWY: glycolysis III (from glucose)|unclassified	0.0000000000	0.0000000000
ARG+POLYAMINE-SYN: superpathway of arginine and polyamine biosynthesis|unclassified	0.0000000000	0.0000000000
ARGDEG-PWY: superpathway of L-arginine, putrescine, and 4-aminobutanoate degradation|unclassified	0.0000000000	0
ARGININE-SYN4-PWY: L-ornithine de novo  biosynthesis|g__Bacillus.s__Bacillus_sp_UMB0893	0.0734644683	0
ARGININE-SYN4-PWY: L-ornithine de novo  biosynthesis|unclassified	0.0000000000	0.0000000000
ARGSYN-PWY: L-arginine biosynthesis I (via L-ornithine)|g__Acidovorax.s__Acidovorax_avenae	0.0000000000	0.0000000000
ARGSYN-PWY: L-arginine biosynthesis I (via L-ornithine)|g__Bacillus.s__Bacillus_sp_UMB0893	0.1438008518	0
ARGSYN-PWY: L-arginine biosynthesis I (via L-ornithine)|g__Caulobacter.s__Caulobacter_sp_774	0.0157335780	0.0000004995
ARGSYN-PWY: L-arginine biosynthesis I (via L-ornithine)|g__Massilia.s__Massilia_sp_BSC265	0.6772237282	0
ARGSYN-PWY: L-arginine biosynthesis I (via L-ornithine)|g__Massilia.s__Massilia_sp_LC238	0.0000000000	0.0000000000
ARGSYN-PWY: L-arginine biosynthesis I (via L-ornithine)|g__Sphingobium.s__Sphingobium_yanoikuyae	0.4446976386	0.0004227470
ARGSYN-PWY: L-arginine biosynthesis I (via L-ornithine)|g__Sphingomonas.s__Sphingomonas_sp_RIT328	0	0.0000001293
ARGSYN-PWY: L-arginine biosynthesis I (via L-ornithine)|unclassified	0.0000000064	0.7180026230
ARGSYNBSUB-PWY: L-arginine biosynthesis II (acetyl cycle)|g__Acidovorax.s__Acidovorax_avenae	0.0000000000	0.0000000000
ARGSYNBSUB-PWY: L-arginine biosynthesis II (acetyl cycle)|g__Bacillus.s__Bacillus_sp_UMB0893	0.1799507841	0
ARGSYNBSUB-PWY: L-arginine biosynthesis II (acetyl cycle)|g__Caulobacter.s__Caulobacter_sp_774	0.0000000679	0.0000000000
ARGSYNBSUB-PWY: L-arginine biosynthesis II (acetyl cycle)|g__Massilia.s__Massilia_sp_BSC265	0.8915285283	0
ARGSYNBSUB-PWY: L-arginine biosynthesis II (acetyl cycle)|g__Massilia.s__Massilia_sp_LC238	0.0000000000	0.0000000000
ARGSYNBSUB-PWY: L-arginine biosynthesis II (acetyl cycle)|g__Sphingobium.s__Sphingobium_yanoikuyae	0.3209964799	0.0001598492
ARGSYNBSUB-PWY: L-arginine biosynthesis II (acetyl cycle)|g__Sphingomonas.s__Sphingomonas_sp_RIT328	0	0.0000000479
ARGSYNBSUB-PWY: L-arginine biosynthesis II (acetyl cycle)|unclassified	0.0000000082	0.0008237557
ARO-PWY: chorismate biosynthesis I|g__Acidovorax.s__Acidovorax_avenae	0	0.0000000000
ARO-PWY: chorismate biosynthesis I|g__Caulobacter.s__Caulobacter_sp_774	0.0046720349	0.0000001202
ARO-PWY: chorismate biosynthesis I|g__Massilia.s__Massilia_sp_BSC265	0.0000000000	0
ARO-PWY: chorismate biosynthesis I|g__Massilia.s__Massilia_sp_LC238	0.0000000000	0.0000000000
ARO-PWY: chorismate biosynthesis I|g__Sphingobium.s__Sphingobium_yanoikuyae	0.0082625780	0.0049571293
ARO-PWY: chorismate biosynthesis I|g__Sphingomonas.s__Sphingomonas_sp_RIT328	0	0.0000078841
ARO-PWY: chorismate biosynthesis I|unclassified	0.0000455644	0.0000000024
ASPASN-PWY: superpathway of L-aspartate and L-asparagine biosynthesis|unclassified	0.0000000000	0.0000000000
AST-PWY: L-arginine degradation II (AST pathway)|unclassified	0.0000000000	0.0000000000
BIOTIN-BIOSYNTHESIS-PWY: biotin biosynthesis I|unclassified	0.0000000000	0.0000000000
BRANCHED-CHAIN-AA-SYN-PWY: superpathway of branched amino acid biosynthesis|g__Acidovorax.s__Acidovorax_avenae	0.9930947620	0.9975481922
BRANCHED-CHAIN-AA-SYN-PWY: superpathway of branched amino acid biosynthesis|g__Bacillus.s__Bacillus_sp_UMB0893	0.0095255255	0
BRANCHED-CHAIN-AA-SYN-PWY: superpathway of branched amino acid biosynthesis|g__Caulobacter.s__Caulobacter_sp_774	0.6851191429	0.0409365719
BRANCHED-CHAIN-AA-SYN-PWY: superpathway of branched amino acid biosynthesis|g__Massilia.s__Massilia_sp_BSC265	0.0000000000	0
BRANCHED-CHAIN-AA-SYN-PWY: superpathway of branched amino acid biosynthesis|g__Massilia.s__Massilia_sp_LC238	0.9946713254	0.0000000000
BRANCHED-CHAIN-AA-SYN-PWY: superpathway of branched amino acid biosynthesis|g__Sphingobium.s__Sphingobium_yanoikuyae	0.7993526627	0.1159227670
BRANCHED-CHAIN-AA-SYN-PWY: superpathway of branched amino acid biosynthesis|g__Sphingomonas.s__Sphingomonas_sp_RIT328	0	0.7608334956
BRANCHED-CHAIN-AA-SYN-PWY: superpathway of branched amino acid biosynthesis|unclassified	0.0000000043	0.0000000000
CALVIN-PWY: Calvin-Benson-Bassham cycle|g__Acidovorax.s__Acidovorax_avenae	0.0000000000	0.0000000000
CALVIN-PWY: Calvin-Benson-Bassham cycle|g__Caulobacter.s__Caulobacter_sp_774	0.0096027217	0.0000029307
CALVIN-PWY: Calvin-Benson-Bassham cycle|unclassified	0.0052230546	0.0000000000
CATECHOL-ORTHO-CLEAVAGE-PWY: catechol degradation to &beta;-ketoadipate|unclassified	1.0000000000	0.0000000000
CITRULBIO-PWY: L-citrulline biosynthesis|g__Acidovorax.s__Acidovorax_avenae	0.0000000000	0.0000000000
CITRULBIO-PWY: L-citrulline biosynthesis|g__Bacillus.s__Bacillus_sp_UMB0893	0.2292040427	0
CITRULBIO-PWY: L-citrulline biosynthesis|unclassified	0.0000000000	0.0000000000
COA-PWY-1: coenzyme A biosynthesis II (mammalian)|g__Acidovorax.s__Acidovorax_avenae	0.0000000000	0.0000000000
COA-PWY-1: coenzyme A biosynthesis II (mammalian)|g__Bacillus.s__Bacillus_sp_UMB0893	0.8134463039	0
COA-PWY-1: coenzyme A biosynthesis II (mammalian)|g__Caulobacter.s__Caulobacter_sp_774	0.4514101556	0.3546128384
COA-PWY-1: coenzyme A biosynthesis II (mammalian)|g__Massilia.s__Massilia_sp_BSC265	0.0000000000	0
COA-PWY-1: coenzyme A biosynthesis II (mammalian)|g__Massilia.s__Massilia_sp_LC238	0.0000000000	0.0000000000
COA-PWY-1: coenzyme A biosynthesis II (mammalian)|g__Sphingobium.s__Sphingobium_yanoikuyae	0.0032600738	0.0290664301
COA-PWY-1: coenzyme A biosynthesis II (mammalian)|g__Sphingomonas.s__Sphingomonas_sp_RIT328	0	0.0000008473
COA-PWY-1: coenzyme A biosynthesis II (mammalian)|unclassified	1.0000000000	1.0000000000
COA-PWY: coenzyme A biosynthesis I|g__Acidovorax.s__Acidovorax_avenae	0.0000000000	0.0000000000
COA-PWY: coenzyme A biosynthesis I|g__Bacillus.s__Bacillus_sp_UMB0893	0.0040820562	0
COA-PWY: coenzyme A biosynthesis I|g__Caulobacter.s__Caulobacter_sp_774	0.4514101556	0.3546128384
COA-PWY: coenzyme A biosynthesis I|g__Massilia.s__Massilia_sp_BSC265	0.0000000000	0
COA-PWY: coenzyme A biosynthesis I|g__Massilia.s__Massilia_sp_LC238	0.0000000002	0.0000000000
COA-PWY: coenzyme A biosynthesis I|g__Sphingobium.s__Sphingobium_yanoikuyae	0.0000105243	0.2994693527
COA-PWY: coenzyme A biosynthesis I|g__Sphingomonas.s__Sphingomonas_sp_RIT328	0	0.0000005649
COA-PWY: coenzyme A biosynthesis I|unclassified	1.0000000000	1.0000000000
COBALSYN-PWY: adenosylcobalamin salvage from cobinamide I|g__Caulobacter.s__Caulobacter_sp_774	0.0000000007	0.0000000000
COBALSYN-PWY: adenosylcobalamin salvage from cobinamide I|g__Massilia.s__Massilia_sp_BSC265	0.0000000000	0
COBALSYN-PWY: adenosylcobalamin salvage from cobinamide I|g__Massilia.s__Massilia_sp_LC238	0.0000000000	0.0000000000
COBALSYN-PWY: adenosylcobalamin salvage from cobinamide I|g__Sphingobium.s__Sphingobium_yanoikuyae	0.2893854541	0.0002846993
COBALSYN-PWY: adenosylcobalamin salvage from cobinamide I|g__Sphingomonas.s__Sphingomonas_sp_RIT328	0	0.0000000447
COBALSYN-PWY: adenosylcobalamin salvage from cobinamide I|unclassified	1.0000000000	1.0000000000
COLANSYN-PWY: colanic acid building blocks biosynthesis|unclassified	0.0000020884	0.0000000001
COMPLETE-ARO-PWY: superpathway of aromatic amino acid biosynthesis|g__Acidovorax.s__Acidovorax_avenae	0	0.0000000000
COMPLETE-ARO-PWY: superpathway of aromatic amino acid biosynthesis|g__Caulobacter.s__Caulobacter_sp_774	0.0053357435	0.0000001374
COMPLETE-ARO-PWY: superpathway of aromatic amino acid biosynthesis|g__Massilia.s__Massilia_sp_BSC265	0.0000000000	0
COMPLETE-ARO-PWY: superpathway of aromatic amino acid biosynthesis|g__Massilia.s__Massilia_sp_LC238	0.0000000000	0.0000000000
COMPLETE-ARO-PWY: superpathway of aromatic amino acid biosynthesis|g__Sphingobium.s__Sphingobium_yanoikuyae	0.0094304832	0.0055876705
COMPLETE-ARO-PWY: superpathway of aromatic amino acid biosynthesis|g__Sphingomonas.s__Sphingomonas_sp_RIT328	0	0.0000090068
COMPLETE-ARO-PWY: superpathway of aromatic amino acid biosynthesis|unclassified	0.0000520732	0.0000000027
DAPLYSINESYN-PWY: L-lysine biosynthesis I|g__Acidovorax.s__Acidovorax_avenae	0.0000000000	0.0000000000
DAPLYSINESYN-PWY: L-lysine biosynthesis I|g__Caulobacter.s__Caulobacter_sp_774	0.0368841643	0.0000004181
DAPLYSINESYN-PWY: L-lysine biosynthesis I|g__Massilia.s__Massilia_sp_BSC265	0.0000000000	0
DAPLYSINESYN-PWY: L-lysine biosynthesis I|g__Massilia.s__Massilia_sp_LC238	0.0000000000	0.0000000000
DAPLYSINESYN-PWY: L-lysine biosynthesis I|g__Sphingobium.s__Sphingobium_yanoikuyae	0.0437177182	0.0080964521
DAPLYSINESYN-PWY: L-lysine biosynthesis I|g__Sphingomonas.s__Sphingomonas_sp_RIT328	0	0.0000000000
DAPLYSINESYN-PWY: L-lysine biosynthesis I|unclassified	0.0000000000	0.0000000000
DENITRIFICATION-PWY: nitrate reduction I (denitrification)|unclassified	0.0000000000	0.0000000000
DENOVOPURINE2-PWY: superpathway of purine nucleotides de novo biosynthesis II|unclassified	0.0000000000	0
DTDPRHAMSYN-PWY: dTDP-L-rhamnose biosynthesis I|g__Acidovorax.s__Acidovorax_avenae	0.0000000000	0.0000000000
DTDPRHAMSYN-PWY: dTDP-L-rhamnose biosynthesis I|g__Caulobacter.s__Caulobacter_sp_774	1.0000000000	1.0000000000
DTDPRHAMSYN-PWY: dTDP-L-rhamnose biosynthesis I|g__Massilia.s__Massilia_sp_LC238	0.0000000000	0.0000000000
DTDPRHAMSYN-PWY: dTDP-L-rhamnose biosynthesis I|g__Sphingobium.s__Sphingobium_yanoikuyae	0.2456799622	0.4714653387
DTDPRHAMSYN-PWY: dTDP-L-rhamnose biosynthesis I|g__Sphingomonas.s__Sphingomonas_sp_RIT328	0	0.9999360713
DTDPRHAMSYN-PWY: dTDP-L-rhamnose biosynthesis I|unclassified	1.0000000000	1.0000000000
FAO-PWY: fatty acid &beta;-oxidation I|g__Acidovorax.s__Acidovorax_avenae	0.9949885238	1.0000000000
FAO-PWY: fatty acid &beta;-oxidation I|g__Sphingobium.s__Sphingobium_yanoikuyae	0.0000659858	0.0000000000
FAO-PWY: fatty acid &beta;-oxidation I|unclassified	1.0000000000	1.0000000000
FASYN-ELONG-PWY: fatty acid elongation -- saturated|g__Acidovorax.s__Acidovorax_avenae	0.0005046285	0.2363626652
FASYN-ELONG-PWY: fatty acid elongation -- saturated|g__Bacillus.s__Bacillus_sp_UMB0893	0.0016032106	0
FASYN-ELONG-PWY: fatty acid elongation -- saturated|g__Caulobacter.s__Caulobacter_sp_774	0.4799613066	0.9297425616
FASYN-ELONG-PWY: fatty acid elongation -- saturated|unclassified	0.0000000000	0.0000000000
FASYN-INITIAL-PWY: superpathway of fatty acid biosynthesis initiation (E. coli)|g__Acidovorax.s__Acidovorax_avenae	0.0000000000	0.0000000000
FASYN-INITIAL-PWY: superpathway of fatty acid biosynthesis initiation (E. coli)|g__Caulobacter.s__Caulobacter_sp_774	0.0004953487	0.0000000000
FASYN-INITIAL-PWY: superpathway of fatty acid biosynthesis initiation (E. coli)|g__Massilia.s__Massilia_sp_BSC265	0.0000000000	0
FASYN-INITIAL-PWY: superpathway of fatty acid biosynthesis initiation (E. coli)|g__Massilia.s__Massilia_sp_LC238	0.0000000000	0.0000000000
FASYN-INITIAL-PWY: superpathway of fatty acid biosynthesis initiation (E. coli)|unclassified	0.0000105866	0.0097266683
FERMENTATION-PWY: mixed acid fermentation|unclassified	0	0.0000000000
FOLSYN-PWY: superpathway of tetrahydrofolate biosynthesis and salvage|unclassified	0.0000000000	0.0000000000
GALACTARDEG-PWY: D-galactarate degradation I|unclassified	0.0000000000	0.0000000000
GALACTUROCAT-PWY: D-galacturonate degradation I|unclassified	0.0000000000	0.0000000000
GALLATE-DEGRADATION-I-PWY: gallate degradation II|unclassified	0.0000000000	0.0000000000
GALLATE-DEGRADATION-II-PWY: gallate degradation I|unclassified	0.0000000000	0
GLCMANNANAUT-PWY: superpathway of N-acetylglucosamine, N-acetylmannosamine and N-acetylneuraminate degradation|unclassified	0.0000000000	0.0000000000
GLUCARDEG-PWY: D-glucarate degradation I|unclassified	0.0000000000	0.0000000000
GLUCARGALACTSUPER-PWY: superpathway of D-glucarate and D-galactarate degradation|unclassified	0.0000000000	0.0000000000
GLUCOSE1PMETAB-PWY: glucose and glucose-1-phosphate degradation|g__Massilia.s__Massilia_sp_BSC265	0.0000000000	0
GLUCOSE1PMETAB-PWY: glucose and glucose-1-phosphate degradation|g__Massilia.s__Massilia_sp_LC238	0.0000000000	0.0000000000
GLUCOSE1PMETAB-PWY: glucose and glucose-1-phosphate degradation|unclassified	0.0000008354	0.0000000000
GLUCUROCAT-PWY: superpathway of &beta;-D-glucuronide and D-glucuronate degradation|unclassified	0.0000000000	0.0000000000
GLUDEG-I-PWY: GABA shunt|unclassified	0.0000000000	0.0000000000
GLUTORN-PWY: L-ornithine biosynthesis|g__Acidovorax.s__Acidovorax_avenae	0.0000000000	0.0000000000
GLUTORN-PWY: L-ornithine biosynthesis|g__Bacillus.s__Bacillus_sp_UMB0893	0.6683637216	0
GLUTORN-PWY: L-ornithine biosynthesis|g__Caulobacter.s__Caulobacter_sp_774	0.0677980824	0.0000001041
GLUTORN-PWY: L-ornithine biosynthesis|g__Massilia.s__Massilia_sp_BSC265	0.3041583522	0
GLUTORN-PWY: L-ornithine biosynthesis|g__Massilia.s__Massilia_sp_LC238	0.0000000000	0.0000000000
GLUTORN-PWY: L-ornithine biosynthesis|g__Sphingobium.s__Sphingobium_yanoikuyae	0.1924949735	0.0000881963
GLUTORN-PWY: L-ornithine biosynthesis|g__Sphingomonas.s__Sphingomonas_sp_RIT328	0	0.0000000269
GLUTORN-PWY: L-ornithine biosynthesis|unclassified	0.0000073667	0.9977819981
GLYCOCAT-PWY: glycogen degradation I (bacterial)|unclassified	0.0000000000	0.0000000000
GLYCOGENSYNTH-PWY: glycogen biosynthesis I (from ADP-D-Glucose)|unclassified	0.0000000000	0.0000000000
GLYCOLYSIS-E-D: superpathway of glycolysis and Entner-Doudoroff|unclassified	0.0000000000	0.0000000000
GLYCOLYSIS-TCA-GLYOX-BYPASS: superpathway of glycolysis, pyruvate dehydrogenase, TCA, and glyoxylate bypass|unclassified	0.0000000000	0.0000000000
GLYCOLYSIS: glycolysis I (from glucose 6-phosphate)|unclassified	0.0000000000	0.0000000000
GLYOXYLATE-BYPASS: glyoxylate cycle|g__Acidovorax.s__Acidovorax_avenae	0.0000000000	0.0000000000
GLYOXYLATE-BYPASS: glyoxylate cycle|g__Caulobacter.s__Caulobacter_sp_774	0.1469255855	0.0000050732
GLYOXYLATE-BYPASS: glyoxylate cycle|g__Sphingobium.s__Sphingobium_yanoikuyae	0.5339576039	0.0011889226
GLYOXYLATE-BYPASS: glyoxylate cycle|unclassified	0.0054533916	0.0000000306
HCAMHPDEG-PWY: 3-phenylpropanoate and 3-(3-hydroxyphenyl)propanoate degradation to 2-oxopent-4-enoate|unclassified	0.0000000000	0.0000000000
HEME-BIOSYNTHESIS-II: heme biosynthesis I (aerobic)|g__Acidovorax.s__Acidovorax_avenae	0.0000000000	0.0000000000
HEME-BIOSYNTHESIS-II: heme biosynthesis I (aerobic)|g__Bacillus.s__Bacillus_sp_UMB0893	0.0001662475	0
HEME-BIOSYNTHESIS-II: heme biosynthesis I (aerobic)|g__Caulobacter.s__Caulobacter_sp_774	0.0000000016	0.0000025257
HEME-BIOSYNTHESIS-II: heme biosynthesis I (aerobic)|g__Massilia.s__Massilia_sp_BSC265	0.6961346920	0
HEME-BIOSYNTHESIS-II: heme biosynthesis I (aerobic)|g__Massilia.s__Massilia_sp_LC238	0.0000000000	0.0000000000
HEME-BIOSYNTHESIS-II: heme biosynthesis I (aerobic)|g__Sphingobium.s__Sphingobium_yanoikuyae	0.0000002446	0.0001091999
HEME-BIOSYNTHESIS-II: heme biosynthesis I (aerobic)|g__Sphingomonas.s__Sphingomonas_sp_RIT328	0	0.0000001030
HEME-BIOSYNTHESIS-II: heme biosynthesis I (aerobic)|unclassified	0.0000000511	0.9998311666
HISDEG-PWY: L-histidine degradation I|g__Acidovorax.s__Acidovorax_avenae	0.0000000000	0.0000000000
HISDEG-PWY: L-histidine degradation I|g__Bacillus.s__Bacillus_sp_UMB0893	0.3953825282	0
HISDEG-PWY: L-histidine degradation I|g__Caulobacter.s__Caulobacter_sp_774	0.0000000039	0.0000000000
HISDEG-PWY: L-histidine degradation I|g__Massilia.s__Massilia_sp_BSC265	0.0000000000	0
HISDEG-PWY: L-histidine degradation I|g__Massilia.s__Massilia_sp_LC238	0.0000000000	0.0000000000
HISDEG-PWY: L-histidine degradation I|g__Sphingobium.s__Sphingobium_yanoikuyae	0.0236276642	0.0003491927
HISDEG-PWY: L-histidine degradation I|unclassified	0.0000000000	0.0000000000
HISTSYN-PWY: L-histidine biosynthesis|g__Acidovorax.s__Acidovorax_avenae	0.0013853486	0.0000002271
HISTSYN-PWY: L-histidine biosynthesis|g__Bacillus.s__Bacillus_sp_UMB0893	0.5479758150	0
HISTSYN-PWY: L-histidine biosynthesis|g__Caulobacter.s__Caulobacter_sp_774	0.0000000000	0.0000000000
HISTSYN-PWY: L-histidine biosynthesis|g__Massilia.s__Massilia_sp_BSC265	0.0000000000	0
HISTSYN-PWY: L-histidine biosynthesis|g__Massilia.s__Massilia_sp_LC238	0.0000000000	0.0189763539
HISTSYN-PWY: L-histidine biosynthesis|g__Sphingobium.s__Sphingobium_yanoikuyae	0.0001720048	0.0215109380
HISTSYN-PWY: L-histidine biosynthesis|g__Sphingomonas.s__Sphingomonas_sp_RIT328	0	0.0000000043
HISTSYN-PWY: L-histidine biosynthesis|unclassified	0.0157067746	0.0000000003
HOMOSER-METSYN-PWY: L-methionine biosynthesis I|g__Bacillus.s__Bacillus_sp_UMB0893	0.0788825245	0
HOMOSER-METSYN-PWY: L-methionine biosynthesis I|g__Massilia.s__Massilia_sp_BSC265	0.0000000000	0
HOMOSER-METSYN-PWY: L-methionine biosynthesis I|g__Massilia.s__Massilia_sp_LC238	0.0000000000	0.0000000000
HOMOSER-METSYN-PWY: L-methionine biosynthesis I|unclassified	0.0000000000	0.0000000000
HSERMETANA-PWY: L-methionine biosynthesis III|g__Bacillus.s__Bacillus_sp_UMB0893	0.0137646198	0
HSERMETANA-PWY: L-methionine biosynthesis III|g__Caulobacter.s__Caulobacter_sp_774	0.0000866932	0.0000006359
HSERMETANA-PWY: L-methionine biosynthesis III|g__Massilia.s__Massilia_sp_BSC265	0.0000000000	0
HSERMETANA-PWY: L-methionine biosynthesis III|g__Massilia.s__Massilia_sp_LC238	0.0000000000	0.0000000000
HSERMETANA-PWY: L-methionine biosynthesis III|g__Sphingomonas.s__Sphingomonas_sp_RIT328	0	0.3101906813
HSERMETANA-PWY: L-methionine biosynthesis III|unclassified	0.0000000000	0.0000000000
ILEUDEG-PWY: L-isoleucine degradation I|g__Acidovorax.s__Acidovorax_avenae	0.0000000000	0.0000000000
ILEUDEG-PWY: L-isoleucine degradation I|g__Sphingobium.s__Sphingobium_yanoikuyae	0.0170157872	0.0008369054
ILEUDEG-PWY: L-isoleucine degradation I|unclassified	0.0509559855	0.0000000290
ILEUSYN-PWY: L-isoleucine biosynthesis I (from threonine)|g__Acidovorax.s__Acidovorax_avenae	0.9999999997	1.0000000000
ILEUSYN-PWY: L-isoleucine biosynthesis I (from threonine)|g__Bacillus.s__Bacillus_sp_UMB0893	0.0584746191	0
ILEUSYN-PWY: L-isoleucine biosynthesis I (from threonine)|g__Caulobacter.s__Caulobacter_sp_774	0.9878317680	0.6512486814
ILEUSYN-PWY: L-isoleucine biosynthesis I (from threonine)|g__Massilia.s__Massilia_sp_BSC265	1.0000000000	0
ILEUSYN-PWY: L-isoleucine biosynthesis I (from threonine)|g__Massilia.s__Massilia_sp_LC238	1.0000000000	1.0000000000
ILEUSYN-PWY: L-isoleucine biosynthesis I (from threonine)|g__Sphingobium.s__Sphingobium_yanoikuyae	0.9097960371	0.5669807282
ILEUSYN-PWY: L-isoleucine biosynthesis I (from threonine)|g__Sphingomonas.s__Sphingomonas_sp_RIT328	0	0.9999998799
ILEUSYN-PWY: L-isoleucine biosynthesis I (from threonine)|unclassified	0.0411845078	0.0000000232
KETOGLUCONMET-PWY: ketogluconate metabolism|unclassified	0.0000000000	0.0000000000
LEU-DEG2-PWY: L-leucine degradation I|g__Acidovorax.s__Acidovorax_avenae	0.0000000000	0.0000000000
LEU-DEG2-PWY: L-leucine degradation I|unclassified	0.0000000000	0.0000000290
LIPASYN-PWY: phospholipases|unclassified	0	0.0000000000
MET-SAM-PWY: superpathway of S-adenosyl-L-methionine biosynthesis|g__Bacillus.s__Bacillus_sp_UMB0893	0.0427466973	0
MET-SAM-PWY: superpathway of S-adenosyl-L-methionine biosynthesis|g__Massilia.s__Massilia_sp_BSC265	0.0000000000	0
MET-SAM-PWY: superpathway of S-adenosyl-L-methionine biosynthesis|g__Massilia.s__Massilia_sp_LC238	0.0000000000	0.0000000000
MET-SAM-PWY: superpathway of S-adenosyl-L-methionine biosynthesis|unclassified	0.0000000000	0.0000000000
METHGLYUT-PWY: superpathway of methylglyoxal degradation|unclassified	0.0000000000	0.0000000000
METHYLGALLATE-DEGRADATION-PWY: methylgallate degradation|unclassified	0.0000000000	0.0000000000
METSYN-PWY: L-homoserine and L-methionine biosynthesis|g__Bacillus.s__Bacillus_sp_UMB0893	0.0418389908	0
METSYN-PWY: L-homoserine and L-methionine biosynthesis|g__Massilia.s__Massilia_sp_BSC265	0.0000000000	0
METSYN-PWY: L-homoserine and L-methionine biosynthesis|g__Massilia.s__Massilia_sp_LC238	0.0000000000	0.0000000000
METSYN-PWY: L-homoserine and L-methionine biosynthesis|unclassified	0.0000000000	0.0000000000
NAD-BIOSYNTHESIS-II: NAD salvage pathway II|unclassified	0.0000000000	0.0000000000
NADSYN-PWY: NAD biosynthesis II (from tryptophan)|unclassified	0.0000000000	0
NAGLIPASYN-PWY: lipid IVA biosynthesis|g__Massilia.s__Massilia_sp_BSC265	0.0000000000	0
NAGLIPASYN-PWY: lipid IVA biosynthesis|g__Massilia.s__Massilia_sp_LC238	0.0000000000	0.0000000000
NAGLIPASYN-PWY: lipid IVA biosynthesis|unclassified	0.0000000000	0.0000000000
NONMEVIPP-PWY: methylerythritol phosphate pathway I|unclassified	0.0000000000	0.0000000000
NONOXIPENT-PWY: pentose phosphate pathway (non-oxidative branch)|g__Acidovorax.s__Acidovorax_avenae	1.0000000000	1.0000000000
NONOXIPENT-PWY: pentose phosphate pathway (non-oxidative branch)|g__Caulobacter.s__Caulobacter_sp_774	0.6777274807	0.0854079884
NONOXIPENT-PWY: pentose phosphate pathway (non-oxidative branch)|g__Sphingomonas.s__Sphingomonas_sp_RIT328	0	0.0000058109
NONOXIPENT-PWY: pentose phosphate pathway (non-oxidative branch)|unclassified	0.0017884750	0.0000000000
OANTIGEN-PWY: O-antigen building blocks biosynthesis (E. coli)|g__Acidovorax.s__Acidovorax_avenae	0.0000000000	0.0000000000
OANTIGEN-PWY: O-antigen building blocks biosynthesis (E. coli)|g__Caulobacter.s__Caulobacter_sp_774	0.0017585943	0.0000000000
OANTIGEN-PWY: O-antigen building blocks biosynthesis (E. coli)|g__Sphingobium.s__Sphingobium_yanoikuyae	0.0011277170	0.0002769464
OANTIGEN-PWY: O-antigen building blocks biosynthesis (E. coli)|g__Sphingomonas.s__Sphingomonas_sp_RIT328	0	0.0509244559
OANTIGEN-PWY: O-antigen building blocks biosynthesis (E. coli)|unclassified	0.5435166764	0.0085709349
ORNARGDEG-PWY: superpathway of L-arginine and L-ornithine degradation|unclassified	0.0000000000	0
P101-PWY: ectoine biosynthesis|g__Sphingobium.s__Sphingobium_yanoikuyae	0.9430803311	0.8963133355
P101-PWY: ectoine biosynthesis|unclassified	0.0000000000	0.0000000000
P105-PWY: TCA cycle IV (2-oxoglutarate decarboxylase)|unclassified	0.0000056950	0.0000000000
P108-PWY: pyruvate fermentation to propanoate I|unclassified	0.0000000000	0.0000000000
P122-PWY: heterolactic fermentation|unclassified	0	0.0000000000
P124-PWY: Bifidobacterium shunt|unclassified	0.0000000000	0
P161-PWY: acetylene degradation|unclassified	0.0000000000	0.0000000000
P184-PWY: protocatechuate degradation I (meta-cleavage pathway)|unclassified	0.0000000000	0.0000000000
P281-PWY: 3-phenylpropanoate degradation|unclassified	0.0000000000	0
P4-PWY: superpathway of L-lysine, L-threonine and L-methionine biosynthesis I|unclassified	0.0000000000	0.0000000000
P562-PWY: myo-inositol degradation I|unclassified	0	0.0000000000
PANTO-PWY: phosphopantothenate biosynthesis I|g__Acidovorax.s__Acidovorax_avenae	0.0000000000	0.0000000000
PANTO-PWY: phosphopantothenate biosynthesis I|g__Bacillus.s__Bacillus_sp_UMB0893	0.4689486737	0
PANTO-PWY: phosphopantothenate biosynthesis I|g__Caulobacter.s__Caulobacter_sp_774	0.0000728435	0.0000004019
PANTO-PWY: phosphopantothenate biosynthesis I|g__Massilia.s__Massilia_sp_BSC265	0.0000000000	0
PANTO-PWY: phosphopantothenate biosynthesis I|g__Massilia.s__Massilia_sp_LC238	0.0000000000	0.0000000000
PANTO-PWY: phosphopantothenate biosynthesis I|g__Sphingobium.s__Sphingobium_yanoikuyae	0.3637663872	0.0000023992
PANTO-PWY: phosphopantothenate biosynthesis I|g__Sphingomonas.s__Sphingomonas_sp_RIT328	0	0.0000042192
PANTO-PWY: phosphopantothenate biosynthesis I|unclassified	0.9997915796	1.0000000000
PANTOSYN-PWY: pantothenate and coenzyme A biosynthesis I|g__Bacillus.s__Bacillus_sp_UMB0893	0.0079334522	0
PANTOSYN-PWY: pantothenate and coenzyme A biosynthesis I|g__Caulobacter.s__Caulobacter_sp_774	0.0001638684	0.0000009043
PANTOSYN-PWY: pantothenate and coenzyme A biosynthesis I|unclassified	0.8486411734	1.0000000000
PENTOSE-P-PWY: pentose phosphate pathway|g__Sphingomonas.s__Sphingomonas_sp_RIT328	0	0.0000000000
PENTOSE-P-PWY: pentose phosphate pathway|unclassified	0.0000000000	0.0000000000
PEPTIDOGLYCANSYN-PWY: peptidoglycan biosynthesis I (meso-diaminopimelate containing)|g__Acidovorax.s__Acidovorax_avenae	0.0000000000	0.0000000000
PEPTIDOGLYCANSYN-PWY: peptidoglycan biosynthesis I (meso-diaminopimelate containing)|g__Bacillus.s__Bacillus_sp_UMB0893	0.0012428968	0
PEPTIDOGLYCANSYN-PWY: peptidoglycan biosynthesis I (meso-diaminopimelate containing)|g__Caulobacter.s__Caulobacter_sp_774	0.0000002290	0.0000000001
PEPTIDOGLYCANSYN-PWY: peptidoglycan biosynthesis I (meso-diaminopimelate containing)|g__Massilia.s__Massilia_sp_BSC265	0.0000000000	0
PEPTIDOGLYCANSYN-PWY: peptidoglycan biosynthesis I (meso-diaminopimelate containing)|g__Massilia.s__Massilia_sp_LC238	0.0000000000	0.0000000000
PEPTIDOGLYCANSYN-PWY: peptidoglycan biosynthesis I (meso-diaminopimelate containing)|g__Sphingobium.s__Sphingobium_yanoikuyae	0.0304782508	0.0014485113
PEPTIDOGLYCANSYN-PWY: peptidoglycan biosynthesis I (meso-diaminopimelate containing)|g__Sphingomonas.s__Sphingomonas_sp_RIT328	0	0.0165104961
PEPTIDOGLYCANSYN-PWY: peptidoglycan biosynthesis I (meso-diaminopimelate containing)|unclassified	0.6256550168	0.9999999955
PHOSLIPSYN-PWY: superpathway of phospholipid biosynthesis I (bacteria)|unclassified	0.0000000000	0.0000000000
POLYAMINSYN3-PWY: superpathway of polyamine biosynthesis II|unclassified	0.0000000000	0.0000000000
POLYAMSYN-PWY: superpathway of polyamine biosynthesis I|unclassified	0.0000000000	0.0000000000
POLYISOPRENSYN-PWY: polyisoprenoid biosynthesis (E. coli)|unclassified	0.0000000000	0.0000000000
PPGPPMET-PWY: ppGpp biosynthesis|unclassified	0.0000000000	0.0000000000
PROTOCATECHUATE-ORTHO-CLEAVAGE-PWY: protocatechuate degradation II (ortho-cleavage pathway)|unclassified	0.0000000000	0.0000000000
PWY-1042: glycolysis IV (plant cytosol)|unclassified	0.0000000000	0.0000000000
PWY-1269: CMP-3-deoxy-D-manno-octulosonate biosynthesis I|g__Acidovorax.s__Acidovorax_avenae	0.0000000000	0.0000000000
PWY-1269: CMP-3-deoxy-D-manno-octulosonate biosynthesis I|unclassified	0.9997531839	1.0000000000
PWY-1361: benzoyl-CoA degradation I (aerobic)|unclassified	0.0000000000	0.0000000000
PWY-1501: mandelate degradation I|unclassified	0.0000000000	0
PWY-1861: formaldehyde assimilation II (RuMP Cycle)|unclassified	0.0000000000	0
PWY-241: C4 photosynthetic carbon assimilation cycle, NADP-ME type|g__Caulobacter.s__Caulobacter_sp_774	0.0504652788	0.0000827326
PWY-241: C4 photosynthetic carbon assimilation cycle, NADP-ME type|g__Sphingobium.s__Sphingobium_yanoikuyae	0.7416321199	0.0005030714
PWY-241: C4 photosynthetic carbon assimilation cycle, NADP-ME type|g__Sphingomonas.s__Sphingomonas_sp_RIT328	0	0.2098833827
PWY-241: C4 photosynthetic carbon assimilation cycle, NADP-ME type|unclassified	0.0000000000	0.0000000000
PWY-2723: trehalose degradation V|g__Massilia.s__Massilia_sp_BSC265	0.0000000000	0
PWY-2723: trehalose degradation V|g__Massilia.s__Massilia_sp_LC238	0.0000000000	0.0000000000
PWY-2723: trehalose degradation V|unclassified	0.0000008354	0.0000000000
PWY-2941: L-lysine biosynthesis II|g__Bacillus.s__Bacillus_sp_UMB0893	0.0403955614	0
PWY-2941: L-lysine biosynthesis II|unclassified	0.0000000000	0.0000000000
PWY-2942: L-lysine biosynthesis III|g__Acidovorax.s__Acidovorax_avenae	0.0000000000	0.0000000000
PWY-2942: L-lysine biosynthesis III|g__Bacillus.s__Bacillus_sp_UMB0893	0.0071751470	0
PWY-2942: L-lysine biosynthesis III|g__Caulobacter.s__Caulobacter_sp_774	0.0271105933	0.0049026016
PWY-2942: L-lysine biosynthesis III|g__Massilia.s__Massilia_sp_BSC265	0.0000000000	0
PWY-2942: L-lysine biosynthesis III|g__Massilia.s__Massilia_sp_LC238	0.0000000000	0.0000000000
PWY-2942: L-lysine biosynthesis III|g__Sphingobium.s__Sphingobium_yanoikuyae	0.1912081424	0.0057515408
PWY-2942: L-lysine biosynthesis III|g__Sphingomonas.s__Sphingomonas_sp_RIT328	0	0.0000000806
PWY-2942: L-lysine biosynthesis III|unclassified	0.0000000000	0.0000000000
PWY-3001: superpathway of L-isoleucine biosynthesis I|g__Acidovorax.s__Acidovorax_avenae	0.0000000000	0.0000000000
PWY-3001: superpathway of L-isoleucine biosynthesis I|g__Bacillus.s__Bacillus_sp_UMB0893	0.0094818116	0
PWY-3001: superpathway of L-isoleucine biosynthesis I|g__Caulobacter.s__Caulobacter_sp_774	0.0049586042	0.0000345283
PWY-3001: superpathway of L-isoleucine biosynthesis I|g__Sphingobium.s__Sphingobium_yanoikuyae	0.0178362458	0.0002637152
PWY-3001: superpathway of L-isoleucine biosynthesis I|g__Sphingomonas.s__Sphingomonas_sp_RIT328	0	0.0007067919
PWY-3001: superpathway of L-isoleucine biosynthesis I|unclassified	0.0000000043	0.0000000000
PWY-3502: superpathway of NAD biosynthesis in eukaryotes|unclassified	0.0000000000	0
PWY-3781: aerobic respiration I (cytochrome c)|g__Acidovorax.s__Acidovorax_avenae	1.0000000000	1.0000000000
PWY-3781: aerobic respiration I (cytochrome c)|g__Caulobacter.s__Caulobacter_sp_774	0.9999995970	0.5004403173
PWY-3781: aerobic respiration I (cytochrome c)|g__Massilia.s__Massilia_sp_BSC265	0.0012732056	0
PWY-3781: aerobic respiration I (cytochrome c)|g__Massilia.s__Massilia_sp_LC238	1.0000000000	1.0000000000
PWY-3781: aerobic respiration I (cytochrome c)|g__Sphingobium.s__Sphingobium_yanoikuyae	0.9944687540	0.0006094776
PWY-3781: aerobic respiration I (cytochrome c)|g__Sphingomonas.s__Sphingomonas_sp_RIT328	0	0.9992470150
PWY-3781: aerobic respiration I (cytochrome c)|unclassified	1.0000000000	1.0000000000
PWY-3841: folate transformations II|g__Acidovorax.s__Acidovorax_avenae	0.0000000000	0.0000000000
PWY-3841: folate transformations II|g__Caulobacter.s__Caulobacter_sp_774	0.1055006312	0.0102326884
PWY-3841: folate transformations II|g__Massilia.s__Massilia_sp_LC238	1.0000000000	0.0374536728
PWY-3841: folate transformations II|g__Sphingobium.s__Sphingobium_yanoikuyae	0.0066452853	0.0000001796
PWY-3841: folate transformations II|g__Sphingomonas.s__Sphingomonas_sp_RIT328	0	0.0004635921
PWY-3841: folate transformations II|unclassified	0.0000000000	0.0000000000
PWY-3941: &beta;-alanine biosynthesis II|unclassified	0.0000000000	0.0000000000
PWY-4221: pantothenate and coenzyme A biosynthesis II (plants)|unclassified	0.0000000000	0.0000000000
PWY-4242: pantothenate and coenzyme A biosynthesis III|g__Acidovorax.s__Acidovorax_avenae	0.0000000000	0.0000000000
PWY-4242: pantothenate and coenzyme A biosynthesis III|g__Bacillus.s__Bacillus_sp_UMB0893	0.0040826932	0
PWY-4242: pantothenate and coenzyme A biosynthesis III|g__Caulobacter.s__Caulobacter_sp_774	0.1064653425	0.0000006151
PWY-4242: pantothenate and coenzyme A biosynthesis III|g__Massilia.s__Massilia_sp_BSC265	0.0000000000	0
PWY-4242: pantothenate and coenzyme A biosynthesis III|g__Massilia.s__Massilia_sp_LC238	0.0000000000	0.0000000000
PWY-4242: pantothenate and coenzyme A biosynthesis III|g__Sphingobium.s__Sphingobium_yanoikuyae	0.0000105301	0.0201955219
PWY-4242: pantothenate and coenzyme A biosynthesis III|unclassified	1.0000000000	1.0000000000
PWY-4361: S-methyl-5-thio-&alpha;-D-ribose 1-phosphate degradation|g__Bacillus.s__Bacillus_sp_UMB0893	0.0004740455	0
PWY-4702: phytate degradation I|unclassified	0	0.0000000000
PWY-4981: L-proline biosynthesis II (from arginine)|g__Bacillus.s__Bacillus_sp_UMB0893	0.9178157575	0
PWY-4981: L-proline biosynthesis II (from arginine)|unclassified	0.0000000000	0.0000000000
PWY-4984: urea cycle|g__Acidovorax.s__Acidovorax_avenae	0.0000000048	0.0000000008
PWY-4984: urea cycle|g__Bacillus.s__Bacillus_sp_UMB0893	0.1080855486	0
PWY-4984: urea cycle|unclassified	0.0000000000	0.0000000000
PWY-5005: biotin biosynthesis II|unclassified	0.0000000000	0.0000000000
PWY-5022: 4-aminobutanoate degradation V|unclassified	0.0000000000	0.0000000000
PWY-5028: L-histidine degradation II|g__Acidovorax.s__Acidovorax_avenae	0.0000000000	0.0000000000
PWY-5028: L-histidine degradation II|unclassified	0.0000000000	0.0000000000
PWY-5083: NAD/NADH phosphorylation and dephosphorylation|unclassified	0.0000000000	0.0000000000
PWY-5097: L-lysine biosynthesis VI|g__Acidovorax.s__Acidovorax_avenae	0.0000000000	0.0000000000
PWY-5097: L-lysine biosynthesis VI|g__Bacillus.s__Bacillus_sp_UMB0893	0.0083585463	0
PWY-5097: L-lysine biosynthesis VI|g__Caulobacter.s__Caulobacter_sp_774	0.0290299559	0.0057141241
PWY-5097: L-lysine biosynthesis VI|g__Massilia.s__Massilia_sp_BSC265	0.0000000000	0
PWY-5097: L-lysine biosynthesis VI|g__Massilia.s__Massilia_sp_LC238	0.0000000000	0.0000000000
PWY-5097: L-lysine biosynthesis VI|g__Sphingobium.s__Sphingobium_yanoikuyae	0.0366041929	0.0067022262
PWY-5097: L-lysine biosynthesis VI|g__Sphingomonas.s__Sphingomonas_sp_RIT328	0	0.0000000000
PWY-5097: L-lysine biosynthesis VI|unclassified	0.0000000000	0.0000000011
PWY-5100: pyruvate fermentation to acetate and lactate II|unclassified	0.0000000000	0.0000000000
PWY-5103: L-isoleucine biosynthesis III|g__Acidovorax.s__Acidovorax_avenae	0.9862842346	0.9951083777
PWY-5103: L-isoleucine biosynthesis III|g__Bacillus.s__Bacillus_sp_UMB0893	0.0051010353	0
PWY-5103: L-isoleucine biosynthesis III|g__Caulobacter.s__Caulobacter_sp_774	0.6851191429	0.0312255685
PWY-5103: L-isoleucine biosynthesis III|g__Massilia.s__Massilia_sp_BSC265	0.0000000000	0
PWY-5103: L-isoleucine biosynthesis III|g__Massilia.s__Massilia_sp_LC238	0.9929076980	0.0000000000
PWY-5103: L-isoleucine biosynthesis III|g__Sphingobium.s__Sphingobium_yanoikuyae	0.7611803975	0.0986630407
PWY-5103: L-isoleucine biosynthesis III|g__Sphingomonas.s__Sphingomonas_sp_RIT328	0	0.7608334956
PWY-5103: L-isoleucine biosynthesis III|unclassified	0.0000000022	0.0000000000
PWY-5104: L-isoleucine biosynthesis IV|g__Acidovorax.s__Acidovorax_avenae	0.0000000000	0.0000000000
PWY-5104: L-isoleucine biosynthesis IV|unclassified	0.0000000000	0.0000000000
PWY-5109: 2-methylbutanoate biosynthesis|unclassified	0.0000000000	0
PWY-5121: superpathway of geranylgeranyl diphosphate biosynthesis II (via MEP)|unclassified	0.0000000000	0.0000000000
PWY-5136: fatty acid &beta;-oxidation II (peroxisome)|g__Acidovorax.s__Acidovorax_avenae	0.9939922501	1.0000000000
PWY-5136: fatty acid &beta;-oxidation II (peroxisome)|g__Sphingobium.s__Sphingobium_yanoikuyae	0.0000549911	0.0000000000
PWY-5136: fatty acid &beta;-oxidation II (peroxisome)|unclassified	1.0000000000	1.0000000000
PWY-5138: unsaturated, even numbered fatty acid &beta;-oxidation|g__Acidovorax.s__Acidovorax_avenae	1.0000000000	1.0000000000
PWY-5138: unsaturated, even numbered fatty acid &beta;-oxidation|unclassified	0.0000000000	0.0000000000
PWY-5154: L-arginine biosynthesis III (via N-acetyl-L-citrulline)|g__Acidovorax.s__Acidovorax_avenae	0.0000000000	0.0000000000
PWY-5154: L-arginine biosynthesis III (via N-acetyl-L-citrulline)|g__Bacillus.s__Bacillus_sp_UMB0893	0.0836960831	0
PWY-5154: L-arginine biosynthesis III (via N-acetyl-L-citrulline)|g__Caulobacter.s__Caulobacter_sp_774	0.0000000679	0.0000000000
PWY-5154: L-arginine biosynthesis III (via N-acetyl-L-citrulline)|unclassified	0.0000000000	0.0000000000
PWY-5173: superpathway of acetyl-CoA biosynthesis|g__Acidovorax.s__Acidovorax_avenae	0.0000000000	0.0000000000
PWY-5173: superpathway of acetyl-CoA biosynthesis|g__Massilia.s__Massilia_sp_BSC265	0.0000000003	0
PWY-5173: superpathway of acetyl-CoA biosynthesis|g__Massilia.s__Massilia_sp_LC238	0.0000000000	0.8813991289
PWY-5173: superpathway of acetyl-CoA biosynthesis|g__Sphingobium.s__Sphingobium_yanoikuyae	0.0003762847	0.6664332596
PWY-5173: superpathway of acetyl-CoA biosynthesis|g__Sphingomonas.s__Sphingomonas_sp_RIT328	0	0.5791078721
PWY-5173: superpathway of acetyl-CoA biosynthesis|unclassified	0.0000000000	0.0089725019
PWY-5178: toluene degradation IV (aerobic) (via catechol)|unclassified	0.0000000000	0
PWY-5180: toluene degradation I (aerobic) (via o-cresol)|unclassified	0.0000000000	0.0000000000
PWY-5181: toluene degradation III (aerobic) (via p-cresol)|unclassified	0.0000000000	0.0000000000
PWY-5182: toluene degradation II (aerobic) (via 4-methylcatechol)|unclassified	0.0000000000	0.0000000000
PWY-5188: tetrapyrrole biosynthesis I (from glutamate)|g__Acidovorax.s__Acidovorax_avenae	0.0000000000	0.0000000000
PWY-5188: tetrapyrrole biosynthesis I (from glutamate)|g__Bacillus.s__Bacillus_sp_UMB0893	0.0000000001	0
PWY-5188: tetrapyrrole biosynthesis I (from glutamate)|g__Massilia.s__Massilia_sp_LC238	0.0000000000	0.0000000000
PWY-5188: tetrapyrrole biosynthesis I (from glutamate)|unclassified	0.2517618669	0.0000000000
PWY-5189: tetrapyrrole biosynthesis II (from glycine)|g__Caulobacter.s__Caulobacter_sp_774	0.0000000001	0.0000000000
PWY-5189: tetrapyrrole biosynthesis II (from glycine)|g__Massilia.s__Massilia_sp_LC238	0.0000000000	0.0000000000
PWY-5189: tetrapyrrole biosynthesis II (from glycine)|g__Sphingobium.s__Sphingobium_yanoikuyae	0.0000157478	0.1526770608
PWY-5189: tetrapyrrole biosynthesis II (from glycine)|g__Sphingomonas.s__Sphingomonas_sp_RIT328	0	0.0000111304
PWY-5189: tetrapyrrole biosynthesis II (from glycine)|unclassified	0.9997588191	0.0000000000
PWY-5304: superpathway of sulfur oxidation (Acidianus ambivalens)|unclassified	0.0000000000	0.0000000000
PWY-5345: superpathway of L-methionine biosynthesis (by sulfhydrylation)|unclassified	0.0000000000	0.0000000000
PWY-5347: superpathway of L-methionine biosynthesis (transsulfuration)|unclassified	0.0000000000	0.0000000000
PWY-5384: sucrose degradation IV (sucrose phosphorylase)|unclassified	0.0000000012	0.0000000000
PWY-5415: catechol degradation I (meta-cleavage pathway)|unclassified	0.0000000000	0.0000000000
PWY-5417: catechol degradation III (ortho-cleavage pathway)|unclassified	1.0000000000	0.0000000000
PWY-5431: aromatic compounds degradation via &beta;-ketoadipate|unclassified	1.0000000000	0.0000000000
PWY-5464: superpathway of cytosolic glycolysis (plants), pyruvate dehydrogenase and TCA cycle|unclassified	0.0000000000	0
PWY-5484: glycolysis II (from fructose 6-phosphate)|unclassified	0.0000000000	0.0000000000
PWY-5505: L-glutamate and L-glutamine biosynthesis|unclassified	0.0000000000	0.0000000000
PWY-5534: propylene degradation|unclassified	0.0000000000	0.0000000000
PWY-561: superpathway of glyoxylate cycle and fatty acid degradation|unclassified	0.0000000000	0.0000000000
PWY-5651: L-tryptophan degradation to 2-amino-3-carboxymuconate semialdehyde|unclassified	0.0000000000	0
PWY-5659: GDP-mannose biosynthesis|g__Massilia.s__Massilia_sp_LC238	0.0000000000	0.0000000000
PWY-5659: GDP-mannose biosynthesis|unclassified	0.0116049610	0.9999999781
PWY-5667: CDP-diacylglycerol biosynthesis I|unclassified	0.0000000000	0.0000000000
PWY-5675: nitrate reduction V (assimilatory)|unclassified	0.9386471972	0.0000000000
PWY-5676: acetyl-CoA fermentation to butanoate II|unclassified	0.0000000000	0.0000000000
PWY-5686: UMP biosynthesis|g__Acidovorax.s__Acidovorax_avenae	0.0000000000	0.0000000000
PWY-5686: UMP biosynthesis|g__Caulobacter.s__Caulobacter_sp_774	0.7629329655	0.0002915535
PWY-5686: UMP biosynthesis|g__Massilia.s__Massilia_sp_BSC265	0.0294793945	0
PWY-5686: UMP biosynthesis|g__Massilia.s__Massilia_sp_LC238	0.0889403224	0.0000000000
PWY-5686: UMP biosynthesis|g__Sphingobium.s__Sphingobium_yanoikuyae	0.0633676399	0.0019335960
PWY-5686: UMP biosynthesis|g__Sphingomonas.s__Sphingomonas_sp_RIT328	0	0.0002138071
PWY-5686: UMP biosynthesis|unclassified	0.0933710384	1.0000000000
PWY-5690: TCA cycle II (plants and fungi)|unclassified	0.0000034177	0.0000000000
PWY-5695: urate biosynthesis/inosine 5'-phosphate degradation|g__Acidovorax.s__Acidovorax_avenae	0.9999022890	0.9999998322
PWY-5695: urate biosynthesis/inosine 5'-phosphate degradation|g__Massilia.s__Massilia_sp_BSC265	0.0000000000	0
PWY-5695: urate biosynthesis/inosine 5'-phosphate degradation|g__Massilia.s__Massilia_sp_LC238	0.0000000000	0.0000000000
PWY-5695: urate biosynthesis/inosine 5'-phosphate degradation|unclassified	1.0000000000	1.0000000000
PWY-5705: allantoin degradation to glyoxylate III|unclassified	0.0000000000	0.0000000000
PWY-5723: Rubisco shunt|unclassified	0.0000000000	0.0000000000
PWY-5747: 2-methylcitrate cycle II|unclassified	0.0000000000	0.0000000000
PWY-5791: 1,4-dihydroxy-2-naphthoate biosynthesis II (plants)|g__Bacillus.s__Bacillus_sp_UMB0893	0.0141072526	0
PWY-5791: 1,4-dihydroxy-2-naphthoate biosynthesis II (plants)|unclassified	0.0000000000	0.0000000000
PWY-5837: 1,4-dihydroxy-2-naphthoate biosynthesis I|g__Bacillus.s__Bacillus_sp_UMB0893	0.0141072526	0
PWY-5837: 1,4-dihydroxy-2-naphthoate biosynthesis I|unclassified	0.0000000000	0.0000000000
PWY-5838: superpathway of menaquinol-8 biosynthesis I|unclassified	0.0000000000	0.0000000000
PWY-5840: superpathway of menaquinol-7 biosynthesis|unclassified	0.0000000000	0.0000000000
PWY-5855: ubiquinol-7 biosynthesis (prokaryotic)|g__Massilia.s__Massilia_sp_BSC265	0.0000000000	0
PWY-5855: ubiquinol-7 biosynthesis (prokaryotic)|g__Massilia.s__Massilia_sp_LC238	0.0000000000	0.0000000000
PWY-5855: ubiquinol-7 biosynthesis (prokaryotic)|unclassified	0.6151458420	0.0600924603
PWY-5856: ubiquinol-9 biosynthesis (prokaryotic)|g__Massilia.s__Massilia_sp_BSC265	0.0000000000	0
PWY-5856: ubiquinol-9 biosynthesis (prokaryotic)|g__Massilia.s__Massilia_sp_LC238	0.0000000000	0.0000000000
PWY-5856: ubiquinol-9 biosynthesis (prokaryotic)|unclassified	0.6151458420	0.0600924603
PWY-5857: ubiquinol-10 biosynthesis (prokaryotic)|g__Massilia.s__Massilia_sp_BSC265	0.0000000000	0
PWY-5857: ubiquinol-10 biosynthesis (prokaryotic)|g__Massilia.s__Massilia_sp_LC238	0.0000000000	0.0000000000
PWY-5857: ubiquinol-10 biosynthesis (prokaryotic)|unclassified	0.6151458420	0.0600924603
PWY-5861: superpathway of demethylmenaquinol-8 biosynthesis|unclassified	0.0000000000	0.0000000000
PWY-5863: superpathway of phylloquinol biosynthesis|unclassified	0.0000000000	0.0000000000
PWY-5897: superpathway of menaquinol-11 biosynthesis|g__Bacillus.s__Bacillus_sp_UMB0893	0.0038147758	0
PWY-5897: superpathway of menaquinol-11 biosynthesis|unclassified	0.0000000000	0.0000000000
PWY-5898: superpathway of menaquinol-12 biosynthesis|g__Bacillus.s__Bacillus_sp_UMB0893	0.0038147758	0
PWY-5898: superpathway of menaquinol-12 biosynthesis|unclassified	0.0000000000	0.0000000000
PWY-5899: superpathway of menaquinol-13 biosynthesis|g__Bacillus.s__Bacillus_sp_UMB0893	0.0038147758	0
PWY-5899: superpathway of menaquinol-13 biosynthesis|unclassified	0.0000000000	0.0000000000
PWY-5913: TCA cycle VI (obligate autotrophs)|unclassified	0.9999997210	1.0000000000
PWY-5918: superpathay of heme biosynthesis from glutamate|g__Massilia.s__Massilia_sp_LC238	0.0000000000	0.0000000000
PWY-5918: superpathay of heme biosynthesis from glutamate|unclassified	0.0000001278	0.0000000000
PWY-5920: superpathway of heme biosynthesis from glycine|unclassified	0.0000000000	0.0000000000
PWY-5941: glycogen degradation II (eukaryotic)|unclassified	0.0000000000	0.0000000000
PWY-5973: cis-vaccenate biosynthesis|g__Acidovorax.s__Acidovorax_avenae	0.0000000000	0.0000000764
PWY-5973: cis-vaccenate biosynthesis|g__Bacillus.s__Bacillus_sp_UMB0893	0.0019408146	0
PWY-5973: cis-vaccenate biosynthesis|g__Caulobacter.s__Caulobacter_sp_774	0.0051359905	0.0000049163
PWY-5973: cis-vaccenate biosynthesis|g__Sphingobium.s__Sphingobium_yanoikuyae	0.0010670102	0.7016910996
PWY-5973: cis-vaccenate biosynthesis|unclassified	0.0000000000	0.0000000000
PWY-5989: stearate biosynthesis II (bacteria and plants)|g__Acidovorax.s__Acidovorax_avenae	0.0003785191	0.1884049744
PWY-5989: stearate biosynthesis II (bacteria and plants)|unclassified	0.0000000000	0.0000000000
PWY-6121: 5-aminoimidazole ribonucleotide biosynthesis I|g__Acidovorax.s__Acidovorax_avenae	0.0000000000	0.0000000000
PWY-6121: 5-aminoimidazole ribonucleotide biosynthesis I|g__Bacillus.s__Bacillus_sp_UMB0893	0.9990431049	0
PWY-6121: 5-aminoimidazole ribonucleotide biosynthesis I|g__Caulobacter.s__Caulobacter_sp_774	0.0124071809	0.0000000313
PWY-6121: 5-aminoimidazole ribonucleotide biosynthesis I|g__Massilia.s__Massilia_sp_BSC265	0.0000000000	0
PWY-6121: 5-aminoimidazole ribonucleotide biosynthesis I|g__Massilia.s__Massilia_sp_LC238	0.0000000000	0.0000000000
PWY-6121: 5-aminoimidazole ribonucleotide biosynthesis I|g__Sphingobium.s__Sphingobium_yanoikuyae	0.7845215206	0.4645676090
PWY-6121: 5-aminoimidazole ribonucleotide biosynthesis I|g__Sphingomonas.s__Sphingomonas_sp_RIT328	0	0.0000472539
PWY-6121: 5-aminoimidazole ribonucleotide biosynthesis I|unclassified	0.0000140415	0.0000000000
PWY-6122: 5-aminoimidazole ribonucleotide biosynthesis II|g__Acidovorax.s__Acidovorax_avenae	0.0000000000	0.0000000000
PWY-6122: 5-aminoimidazole ribonucleotide biosynthesis II|g__Bacillus.s__Bacillus_sp_UMB0893	0.9998931315	0
PWY-6122: 5-aminoimidazole ribonucleotide biosynthesis II|g__Caulobacter.s__Caulobacter_sp_774	0.2978668777	0.0318942664
PWY-6122: 5-aminoimidazole ribonucleotide biosynthesis II|g__Massilia.s__Massilia_sp_BSC265	0.0000000000	0
PWY-6122: 5-aminoimidazole ribonucleotide biosynthesis II|g__Massilia.s__Massilia_sp_LC238	0.0000000000	0.0000028922
PWY-6122: 5-aminoimidazole ribonucleotide biosynthesis II|g__Sphingobium.s__Sphingobium_yanoikuyae	0.7641074457	0.8791688998
PWY-6122: 5-aminoimidazole ribonucleotide biosynthesis II|g__Sphingomonas.s__Sphingomonas_sp_RIT328	0	0.0000378035
PWY-6122: 5-aminoimidazole ribonucleotide biosynthesis II|unclassified	0.0000112332	0.0000000000
PWY-6123: inosine-5'-phosphate biosynthesis I|g__Acidovorax.s__Acidovorax_avenae	0.0000000000	0.0000000000
PWY-6123: inosine-5'-phosphate biosynthesis I|g__Bacillus.s__Bacillus_sp_UMB0893	0.6670254603	0
PWY-6123: inosine-5'-phosphate biosynthesis I|g__Caulobacter.s__Caulobacter_sp_774	0.0001751431	0.0000000894
PWY-6123: inosine-5'-phosphate biosynthesis I|g__Massilia.s__Massilia_sp_BSC265	0.0025954867	0
PWY-6123: inosine-5'-phosphate biosynthesis I|g__Massilia.s__Massilia_sp_LC238	0.9999996455	0.9594301882
PWY-6123: inosine-5'-phosphate biosynthesis I|g__Sphingobium.s__Sphingobium_yanoikuyae	0.1813373739	0.0000197058
PWY-6123: inosine-5'-phosphate biosynthesis I|g__Sphingomonas.s__Sphingomonas_sp_RIT328	0	0.0000284082
PWY-6123: inosine-5'-phosphate biosynthesis I|unclassified	0.0000000000	0.0002455322
PWY-6124: inosine-5'-phosphate biosynthesis II|g__Acidovorax.s__Acidovorax_avenae	0.0000000000	0.0000000000
PWY-6124: inosine-5'-phosphate biosynthesis II|g__Bacillus.s__Bacillus_sp_UMB0893	0.0018769234	0
PWY-6124: inosine-5'-phosphate biosynthesis II|g__Caulobacter.s__Caulobacter_sp_774	0.0006113546	0.0000000745
PWY-6124: inosine-5'-phosphate biosynthesis II|g__Massilia.s__Massilia_sp_BSC265	0.0021648594	0
PWY-6124: inosine-5'-phosphate biosynthesis II|g__Massilia.s__Massilia_sp_LC238	0.9999999184	0.9620972167
PWY-6124: inosine-5'-phosphate biosynthesis II|g__Sphingobium.s__Sphingobium_yanoikuyae	0.1591707040	0.1644631702
PWY-6124: inosine-5'-phosphate biosynthesis II|g__Sphingomonas.s__Sphingomonas_sp_RIT328	0	0.5233219259
PWY-6124: inosine-5'-phosphate biosynthesis II|unclassified	0.0000000000	0.0000000000
PWY-6125: superpathway of guanosine nucleotides de novo biosynthesis II|g__Acidovorax.s__Acidovorax_avenae	0.7721662860	0.9941754318
PWY-6125: superpathway of guanosine nucleotides de novo biosynthesis II|g__Bacillus.s__Bacillus_sp_UMB0893	0.7502240999	0
PWY-6125: superpathway of guanosine nucleotides de novo biosynthesis II|g__Caulobacter.s__Caulobacter_sp_774	0.0000000084	0.0000000000
PWY-6125: superpathway of guanosine nucleotides de novo biosynthesis II|g__Massilia.s__Massilia_sp_BSC265	0.0000000000	0
PWY-6125: superpathway of guanosine nucleotides de novo biosynthesis II|g__Massilia.s__Massilia_sp_LC238	0.0000000000	0.0000000255
PWY-6125: superpathway of guanosine nucleotides de novo biosynthesis II|g__Sphingobium.s__Sphingobium_yanoikuyae	0.0348139519	0.0000451544
PWY-6125: superpathway of guanosine nucleotides de novo biosynthesis II|g__Sphingomonas.s__Sphingomonas_sp_RIT328	0	0.1525576171
PWY-6125: superpathway of guanosine nucleotides de novo biosynthesis II|unclassified	0.0000000000	0.0000000000
PWY-6126: superpathway of adenosine nucleotides de novo biosynthesis II|g__Massilia.s__Massilia_sp_BSC265	0.0050738868	0
PWY-6126: superpathway of adenosine nucleotides de novo biosynthesis II|g__Sphingobium.s__Sphingobium_yanoikuyae	0.0355867114	0.0724411433
PWY-6126: superpathway of adenosine nucleotides de novo biosynthesis II|g__Sphingomonas.s__Sphingomonas_sp_RIT328	0	0.0372880685
PWY-6126: superpathway of adenosine nucleotides de novo biosynthesis II|unclassified	0.0000000000	0.0000000000
PWY-6147: 6-hydroxymethyl-dihydropterin diphosphate biosynthesis I|unclassified	0.0000000000	0.0000000000
PWY-6151: S-adenosyl-L-methionine cycle I|g__Bacillus.s__Bacillus_sp_UMB0893	0.4397447790	0
PWY-6151: S-adenosyl-L-methionine cycle I|unclassified	0.0000000000	0.0000000000
PWY-6163: chorismate biosynthesis from 3-dehydroquinate|g__Acidovorax.s__Acidovorax_avenae	0	0.0000000000
PWY-6163: chorismate biosynthesis from 3-dehydroquinate|g__Caulobacter.s__Caulobacter_sp_774	0.0163468960	0.0522455999
PWY-6163: chorismate biosynthesis from 3-dehydroquinate|g__Massilia.s__Massilia_sp_BSC265	0.0000000000	0
PWY-6163: chorismate biosynthesis from 3-dehydroquinate|g__Massilia.s__Massilia_sp_LC238	0.0000000000	0.0000000000
PWY-6163: chorismate biosynthesis from 3-dehydroquinate|g__Sphingobium.s__Sphingobium_yanoikuyae	0.0374199993	0.0117542604
PWY-6163: chorismate biosynthesis from 3-dehydroquinate|g__Sphingomonas.s__Sphingomonas_sp_RIT328	0	0.0000145646
PWY-6163: chorismate biosynthesis from 3-dehydroquinate|unclassified	0.0000325464	0.0000000017
PWY-6168: flavin biosynthesis III (fungi)|g__Sphingobium.s__Sphingobium_yanoikuyae	0.0011365259	0.0012969699
PWY-6168: flavin biosynthesis III (fungi)|g__Sphingomonas.s__Sphingomonas_sp_RIT328	0	0.0002360785
PWY-6168: flavin biosynthesis III (fungi)|unclassified	0.0000000010	0.0000000000
PWY-6182: superpathway of salicylate degradation|unclassified	0.0053713589	0.0000000000
PWY-6185: 4-methylcatechol degradation (ortho cleavage)|g__Acidovorax.s__Acidovorax_avenae	0.0000000000	0.0000000000
PWY-6185: 4-methylcatechol degradation (ortho cleavage)|unclassified	0.0038425820	0.0000000000
PWY-622: starch biosynthesis|unclassified	0.0000000000	0.0000000000
PWY-6270: isoprene biosynthesis I|unclassified	0.0000000000	0.0000000000
PWY-6277: superpathway of 5-aminoimidazole ribonucleotide biosynthesis|g__Acidovorax.s__Acidovorax_avenae	0.0000000000	0.0000000000
PWY-6277: superpathway of 5-aminoimidazole ribonucleotide biosynthesis|g__Bacillus.s__Bacillus_sp_UMB0893	0.9998931315	0
PWY-6277: superpathway of 5-aminoimidazole ribonucleotide biosynthesis|g__Caulobacter.s__Caulobacter_sp_774	0.2978668777	0.0318942664
PWY-6277: superpathway of 5-aminoimidazole ribonucleotide biosynthesis|g__Massilia.s__Massilia_sp_BSC265	0.0000000000	0
PWY-6277: superpathway of 5-aminoimidazole ribonucleotide biosynthesis|g__Massilia.s__Massilia_sp_LC238	0.0000000000	0.0000028922
PWY-6277: superpathway of 5-aminoimidazole ribonucleotide biosynthesis|g__Sphingobium.s__Sphingobium_yanoikuyae	0.7641074457	0.8791688998
PWY-6277: superpathway of 5-aminoimidazole ribonucleotide biosynthesis|g__Sphingomonas.s__Sphingomonas_sp_RIT328	0	0.0000378035
PWY-6277: superpathway of 5-aminoimidazole ribonucleotide biosynthesis|unclassified	0.0000112332	0.0000000000
PWY-6282: palmitoleate biosynthesis I (from (5Z)-dodec-5-enoate)|g__Acidovorax.s__Acidovorax_avenae	0.0003785191	0.1884049744
PWY-6282: palmitoleate biosynthesis I (from (5Z)-dodec-5-enoate)|g__Caulobacter.s__Caulobacter_sp_774	0.4114625988	0.9085988635
PWY-6282: palmitoleate biosynthesis I (from (5Z)-dodec-5-enoate)|unclassified	0.0000000000	0.0000000000
PWY-6305: putrescine biosynthesis IV|unclassified	0.0000000000	0.0000000000
PWY-6307: L-tryptophan degradation X (mammalian, via tryptamine)|unclassified	0.0000000000	0.0000000000
PWY-6309: L-tryptophan degradation XI (mammalian, via kynurenine)|g__Acidovorax.s__Acidovorax_avenae	0.0000000000	0.0000000000
PWY-6309: L-tryptophan degradation XI (mammalian, via kynurenine)|unclassified	0.0000000000	0.0000000000
PWY-6313: serotonin degradation|unclassified	0.0000000000	0.0000000000
PWY-6317: galactose degradation I (Leloir pathway)|unclassified	0.0000000000	0.0000000000
PWY-6318: L-phenylalanine degradation IV (mammalian, via side chain)|unclassified	0.0350899072	0.0000000000
PWY-6338: superpathway of vanillin and vanillate degradation|unclassified	0.0000000000	0.0000000000
PWY-6353: purine nucleotides degradation II (aerobic)|unclassified	0.0000000000	0.0000000000
PWY-6385: peptidoglycan biosynthesis III (mycobacteria)|g__Acidovorax.s__Acidovorax_avenae	0.0000000000	0.0000000000
PWY-6385: peptidoglycan biosynthesis III (mycobacteria)|g__Bacillus.s__Bacillus_sp_UMB0893	0.0012428968	0
PWY-6385: peptidoglycan biosynthesis III (mycobacteria)|g__Caulobacter.s__Caulobacter_sp_774	0.0000002290	0.0000000001
PWY-6385: peptidoglycan biosynthesis III (mycobacteria)|g__Massilia.s__Massilia_sp_BSC265	0.0000000000	0
PWY-6385: peptidoglycan biosynthesis III (mycobacteria)|g__Massilia.s__Massilia_sp_LC238	0.0000000000	0.0000000000
PWY-6385: peptidoglycan biosynthesis III (mycobacteria)|g__Sphingobium.s__Sphingobium_yanoikuyae	0.0304939467	0.0014485497
PWY-6385: peptidoglycan biosynthesis III (mycobacteria)|g__Sphingomonas.s__Sphingomonas_sp_RIT328	0	0.0165104964
PWY-6385: peptidoglycan biosynthesis III (mycobacteria)|unclassified	0.9999931777	1.0000000000
PWY-6386: UDP-N-acetylmuramoyl-pentapeptide biosynthesis II (lysine-containing)|g__Acidovorax.s__Acidovorax_avenae	0.0000000000	0.0000000000
PWY-6386: UDP-N-acetylmuramoyl-pentapeptide biosynthesis II (lysine-containing)|g__Bacillus.s__Bacillus_sp_UMB0893	0.0052494737	0
PWY-6386: UDP-N-acetylmuramoyl-pentapeptide biosynthesis II (lysine-containing)|g__Caulobacter.s__Caulobacter_sp_774	0.0000194753	0.0000000003
PWY-6386: UDP-N-acetylmuramoyl-pentapeptide biosynthesis II (lysine-containing)|g__Massilia.s__Massilia_sp_BSC265	0.0000000000	0
PWY-6386: UDP-N-acetylmuramoyl-pentapeptide biosynthesis II (lysine-containing)|g__Massilia.s__Massilia_sp_LC238	0.0000000000	0.0000000000
PWY-6386: UDP-N-acetylmuramoyl-pentapeptide biosynthesis II (lysine-containing)|g__Sphingobium.s__Sphingobium_yanoikuyae	0.0005382399	0.0000000000
PWY-6386: UDP-N-acetylmuramoyl-pentapeptide biosynthesis II (lysine-containing)|g__Sphingomonas.s__Sphingomonas_sp_RIT328	0	0.0159202772
PWY-6386: UDP-N-acetylmuramoyl-pentapeptide biosynthesis II (lysine-containing)|unclassified	0.7278280265	0.9999999972
PWY-6387: UDP-N-acetylmuramoyl-pentapeptide biosynthesis I (meso-diaminopimelate containing)|g__Acidovorax.s__Acidovorax_avenae	0.0000000000	0.0000000000
PWY-6387: UDP-N-acetylmuramoyl-pentapeptide biosynthesis I (meso-diaminopimelate containing)|g__Bacillus.s__Bacillus_sp_UMB0893	0.0042595607	0
PWY-6387: UDP-N-acetylmuramoyl-pentapeptide biosynthesis I (meso-diaminopimelate containing)|g__Caulobacter.s__Caulobacter_sp_774	0.0000138796	0.0000000003
PWY-6387: UDP-N-acetylmuramoyl-pentapeptide biosynthesis I (meso-diaminopimelate containing)|g__Massilia.s__Massilia_sp_BSC265	0.0000000000	0
PWY-6387: UDP-N-acetylmuramoyl-pentapeptide biosynthesis I (meso-diaminopimelate containing)|g__Massilia.s__Massilia_sp_LC238	0.0000000000	0.0000000000
PWY-6387: UDP-N-acetylmuramoyl-pentapeptide biosynthesis I (meso-diaminopimelate containing)|g__Sphingobium.s__Sphingobium_yanoikuyae	0.0266666023	0.0758470822
PWY-6387: UDP-N-acetylmuramoyl-pentapeptide biosynthesis I (meso-diaminopimelate containing)|g__Sphingomonas.s__Sphingomonas_sp_RIT328	0	0.1211748213
PWY-6387: UDP-N-acetylmuramoyl-pentapeptide biosynthesis I (meso-diaminopimelate containing)|unclassified	0.9999914721	1.0000000000
PWY-6507: 4-deoxy-L-threo-hex-4-enopyranuronate degradation|unclassified	0.0000000000	0.0000000000
PWY-6519: 8-amino-7-oxononanoate biosynthesis I|unclassified	0.0000000000	0.0000000000
PWY-6527: stachyose degradation|g__Bacillus.s__Bacillus_sp_UMB0893	0.0000877978	0
PWY-6527: stachyose degradation|unclassified	0.0000000000	0.0000000000
PWY-6538: caffeine degradation III (bacteria, via demethylation)|unclassified	0.0000000000	0
PWY-6545: pyrimidine deoxyribonucleotides de novo biosynthesis III|unclassified	0.0000000000	0.0000000000
PWY-6549: L-glutamine biosynthesis III|unclassified	0.0000000000	0.0000000000
PWY-6595: superpathway of guanosine nucleotides degradation (plants)|g__Massilia.s__Massilia_sp_LC238	0.0000000000	0.0000000000
PWY-6595: superpathway of guanosine nucleotides degradation (plants)|unclassified	0.9511093681	0.0000000000
PWY-6606: guanosine nucleotides degradation II|g__Acidovorax.s__Acidovorax_avenae	0.0000000000	0.0000000000
PWY-6606: guanosine nucleotides degradation II|g__Massilia.s__Massilia_sp_LC238	0.0000000000	0.0000000000
PWY-6606: guanosine nucleotides degradation II|unclassified	0.9999999037	0.0000000000
PWY-6608: guanosine nucleotides degradation III|g__Acidovorax.s__Acidovorax_avenae	0.0000000000	0.0000000000
PWY-6608: guanosine nucleotides degradation III|g__Massilia.s__Massilia_sp_LC238	0.0000000000	0.0000000000
PWY-6608: guanosine nucleotides degradation III|unclassified	0.9999999037	0.0000000000
PWY-6609: adenine and adenosine salvage III|g__Bacillus.s__Bacillus_sp_UMB0893	0.9999874351	0
PWY-6609: adenine and adenosine salvage III|unclassified	0.0000000000	0.0000000000
PWY-6612: superpathway of tetrahydrofolate biosynthesis|unclassified	0.0000000000	0.0000000000
PWY-6628: superpathway of L-phenylalanine biosynthesis|unclassified	0.0000000000	0.0000000000
PWY-6641: superpathway of sulfolactate degradation|unclassified	0.0000000000	0.0000000000
PWY-6690: cinnamate and 3-hydroxycinnamate degradation to 2-oxopent-4-enoate|unclassified	0.0000000000	0.0000000000
PWY-6700: queuosine biosynthesis|g__Acidovorax.s__Acidovorax_avenae	0.0000000000	0.0000000000
PWY-6700: queuosine biosynthesis|g__Bacillus.s__Bacillus_sp_UMB0893	0.0710982378	0
PWY-6700: queuosine biosynthesis|g__Caulobacter.s__Caulobacter_sp_774	0.5649970238	0.2976481901
PWY-6700: queuosine biosynthesis|g__Massilia.s__Massilia_sp_BSC265	0.0000000000	0
PWY-6700: queuosine biosynthesis|g__Massilia.s__Massilia_sp_LC238	0.0069347254	0.0000000000
PWY-6700: queuosine biosynthesis|g__Sphingobium.s__Sphingobium_yanoikuyae	0.9371409103	0.4193563482
PWY-6700: queuosine biosynthesis|g__Sphingomonas.s__Sphingomonas_sp_RIT328	0	0.0750686260
PWY-6700: queuosine biosynthesis|unclassified	0.0000000000	0.0000000000
PWY-6703: preQ0 biosynthesis|g__Acidovorax.s__Acidovorax_avenae	0.0000000002	0.0000432900
PWY-6703: preQ0 biosynthesis|g__Bacillus.s__Bacillus_sp_UMB0893	0.0012166722	0
PWY-6703: preQ0 biosynthesis|g__Caulobacter.s__Caulobacter_sp_774	0.5349337889	0.8082022224
PWY-6703: preQ0 biosynthesis|g__Massilia.s__Massilia_sp_BSC265	0.0000000000	0
PWY-6703: preQ0 biosynthesis|g__Massilia.s__Massilia_sp_LC238	0.0000000338	0.0000000000
PWY-6703: preQ0 biosynthesis|g__Sphingobium.s__Sphingobium_yanoikuyae	0.4236007017	0.0000112960
PWY-6703: preQ0 biosynthesis|g__Sphingomonas.s__Sphingomonas_sp_RIT328	0	0.0000000000
PWY-6703: preQ0 biosynthesis|unclassified	0.6220261254	0.9999837436
PWY-6708: ubiquinol-8 biosynthesis (prokaryotic)|g__Massilia.s__Massilia_sp_BSC265	0.0000000000	0
PWY-6708: ubiquinol-8 biosynthesis (prokaryotic)|g__Massilia.s__Massilia_sp_LC238	0.0000000000	0.0000000000
PWY-6708: ubiquinol-8 biosynthesis (prokaryotic)|unclassified	0.6151458420	0.0600924603
PWY-6737: starch degradation V|g__Caulobacter.s__Caulobacter_sp_774	0.0006784448	0.0002108164
PWY-6737: starch degradation V|unclassified	0.0000000000	0.0000003869
PWY-6749: CMP-legionaminate biosynthesis I|unclassified	0.0000000000	0.0000000000
PWY-6803: phosphatidylcholine acyl editing|g__Acidovorax.s__Acidovorax_avenae	0.0000000000	0.0000000000
PWY-6803: phosphatidylcholine acyl editing|g__Massilia.s__Massilia_sp_LC238	0.0000000000	0.0000000000
PWY-6803: phosphatidylcholine acyl editing|unclassified	0.7632637373	0.9999648741
PWY-6823: molybdenum cofactor biosynthesis|unclassified	0	0.0000000000
PWY-6837: fatty acid beta-oxidation V (unsaturated, odd number, di-isomerase-dependent)|unclassified	0.0000000000	0.0000000000
PWY-6859: all-trans-farnesol biosynthesis|unclassified	0.0000000000	0.0000000000
PWY-6897: thiamin salvage II|unclassified	0.0000000000	0.0000000000
PWY-6936: seleno-amino acid biosynthesis|g__Bacillus.s__Bacillus_sp_UMB0893	0.0541088741	0
PWY-6936: seleno-amino acid biosynthesis|g__Massilia.s__Massilia_sp_BSC265	0.3164116787	0
PWY-6936: seleno-amino acid biosynthesis|g__Massilia.s__Massilia_sp_LC238	0.0000000000	0.0000000000
PWY-6936: seleno-amino acid biosynthesis|g__Sphingobium.s__Sphingobium_yanoikuyae	0.1923993710	0.0000000355
PWY-6936: seleno-amino acid biosynthesis|g__Sphingomonas.s__Sphingomonas_sp_RIT328	0	0.4262008197
PWY-6936: seleno-amino acid biosynthesis|unclassified	1.0000000000	1.0000000000
PWY-6953: dTDP-3-acetamido-3,6-dideoxy-&alpha;-D-galactose biosynthesis|unclassified	0.0000000000	0
PWY-6969: TCA cycle V (2-oxoglutarate:ferredoxin oxidoreductase)|unclassified	0.0000056950	0.0000000000
PWY-7090: UDP-2,3-diacetamido-2,3-dideoxy-&alpha;-D-mannuronate biosynthesis|unclassified	0.0000000000	0
PWY-7094: fatty acid salvage|unclassified	0.0000000166	0.0000000000
PWY-7097: vanillin and vanillate degradation I|unclassified	0.0000000000	0.0000000000
PWY-7098: vanillin and vanillate degradation II|unclassified	0.0000000000	0.0000000000
PWY-7111: pyruvate fermentation to isobutanol (engineered)|g__Acidovorax.s__Acidovorax_avenae	0.9829138806	0.9938929404
PWY-7111: pyruvate fermentation to isobutanol (engineered)|g__Bacillus.s__Bacillus_sp_UMB0893	0.0042228774	0
PWY-7111: pyruvate fermentation to isobutanol (engineered)|g__Caulobacter.s__Caulobacter_sp_774	0.9878317680	0.0253033076
PWY-7111: pyruvate fermentation to isobutanol (engineered)|g__Massilia.s__Massilia_sp_BSC265	1.0000000000	0
PWY-7111: pyruvate fermentation to isobutanol (engineered)|g__Massilia.s__Massilia_sp_LC238	1.0000000000	1.0000000000
PWY-7111: pyruvate fermentation to isobutanol (engineered)|g__Sphingobium.s__Sphingobium_yanoikuyae	0.9171549979	0.9107082614
PWY-7111: pyruvate fermentation to isobutanol (engineered)|g__Sphingomonas.s__Sphingomonas_sp_RIT328	0	0.9999998799
PWY-7111: pyruvate fermentation to isobutanol (engineered)|unclassified	1.0000000000	1.0000000000
PWY-7115: C4 photosynthetic carbon assimilation cycle, NAD-ME type|unclassified	0.0000000000	0.0000000000
PWY-7117: C4 photosynthetic carbon assimilation cycle, PEPCK type|unclassified	0.0000000000	0.0000000000
PWY-7165: L-ascorbate biosynthesis VI (engineered pathway)|unclassified	0.0000000000	0.0000000000
PWY-7184: pyrimidine deoxyribonucleotides de novo biosynthesis I|g__Acidovorax.s__Acidovorax_avenae	0.0000000000	0.0000000000
PWY-7184: pyrimidine deoxyribonucleotides de novo biosynthesis I|g__Caulobacter.s__Caulobacter_sp_774	0.0199656239	0.0002689267
PWY-7184: pyrimidine deoxyribonucleotides de novo biosynthesis I|g__Massilia.s__Massilia_sp_BSC265	0.0000000000	0
PWY-7184: pyrimidine deoxyribonucleotides de novo biosynthesis I|g__Massilia.s__Massilia_sp_LC238	0.0000000000	0.0000000000
PWY-7184: pyrimidine deoxyribonucleotides de novo biosynthesis I|g__Sphingobium.s__Sphingobium_yanoikuyae	0	0.0000000000
PWY-7184: pyrimidine deoxyribonucleotides de novo biosynthesis I|g__Sphingomonas.s__Sphingomonas_sp_RIT328	0	0.0023683707
PWY-7184: pyrimidine deoxyribonucleotides de novo biosynthesis I|unclassified	0.0000000000	0.0000000000
PWY-7187: pyrimidine deoxyribonucleotides de novo biosynthesis II|unclassified	0.0000000000	0
PWY-7197: pyrimidine deoxyribonucleotide phosphorylation|g__Acidovorax.s__Acidovorax_avenae	0.0000000000	0.0000000000
PWY-7197: pyrimidine deoxyribonucleotide phosphorylation|g__Bacillus.s__Bacillus_sp_UMB0893	0.8980873323	0
PWY-7197: pyrimidine deoxyribonucleotide phosphorylation|g__Caulobacter.s__Caulobacter_sp_774	0.0155227931	0.0002878092
PWY-7197: pyrimidine deoxyribonucleotide phosphorylation|g__Massilia.s__Massilia_sp_BSC265	0.0000000000	0
PWY-7197: pyrimidine deoxyribonucleotide phosphorylation|g__Massilia.s__Massilia_sp_LC238	0.0000000000	0.0000000000
PWY-7197: pyrimidine deoxyribonucleotide phosphorylation|g__Sphingobium.s__Sphingobium_yanoikuyae	0	0.0000000000
PWY-7197: pyrimidine deoxyribonucleotide phosphorylation|g__Sphingomonas.s__Sphingomonas_sp_RIT328	0	0.0010577808
PWY-7197: pyrimidine deoxyribonucleotide phosphorylation|unclassified	0.0000000000	0.0000000000
PWY-7198: pyrimidine deoxyribonucleotides de novo biosynthesis IV|unclassified	0.0000000000	0.0000000000
PWY-7199: pyrimidine deoxyribonucleosides salvage|g__Bacillus.s__Bacillus_sp_UMB0893	0.7569312084	0
PWY-7199: pyrimidine deoxyribonucleosides salvage|g__Massilia.s__Massilia_sp_BSC265	0.0000000000	0
PWY-7199: pyrimidine deoxyribonucleosides salvage|g__Massilia.s__Massilia_sp_LC238	0.0000000000	0.0000000000
PWY-7199: pyrimidine deoxyribonucleosides salvage|unclassified	0.0000000000	0.0000000000
PWY-7208: superpathway of pyrimidine nucleobases salvage|g__Acidovorax.s__Acidovorax_avenae	1.0000000000	0.9999903464
PWY-7208: superpathway of pyrimidine nucleobases salvage|g__Bacillus.s__Bacillus_sp_UMB0893	0.9311610250	0
PWY-7208: superpathway of pyrimidine nucleobases salvage|g__Caulobacter.s__Caulobacter_sp_774	0.0487431670	0.0949814207
PWY-7208: superpathway of pyrimidine nucleobases salvage|g__Massilia.s__Massilia_sp_BSC265	0.0000000000	0
PWY-7208: superpathway of pyrimidine nucleobases salvage|g__Massilia.s__Massilia_sp_LC238	0.0000203886	0.0000000000
PWY-7208: superpathway of pyrimidine nucleobases salvage|unclassified	0.0000000000	0.0000000000
PWY-7209: superpathway of pyrimidine ribonucleosides degradation|unclassified	0.0000000000	0.0000000000
PWY-7210: pyrimidine deoxyribonucleotides biosynthesis from CTP|unclassified	0.0000000000	0.0000000000
PWY-7211: superpathway of pyrimidine deoxyribonucleotides de novo biosynthesis|unclassified	0.0000000000	0.0000000000
PWY-7219: adenosine ribonucleotides de novo biosynthesis|g__Acidovorax.s__Acidovorax_avenae	0.0000000000	0.0000000000
PWY-7219: adenosine ribonucleotides de novo biosynthesis|g__Bacillus.s__Bacillus_sp_UMB0893	0.3165664080	0
PWY-7219: adenosine ribonucleotides de novo biosynthesis|g__Caulobacter.s__Caulobacter_sp_774	0.0718296255	0.0000000598
PWY-7219: adenosine ribonucleotides de novo biosynthesis|g__Massilia.s__Massilia_sp_BSC265	0.0297893960	0
PWY-7219: adenosine ribonucleotides de novo biosynthesis|g__Massilia.s__Massilia_sp_LC238	0.0000000003	0.0967234743
PWY-7219: adenosine ribonucleotides de novo biosynthesis|g__Sphingobium.s__Sphingobium_yanoikuyae	0.5348677200	0.5076226808
PWY-7219: adenosine ribonucleotides de novo biosynthesis|g__Sphingomonas.s__Sphingomonas_sp_RIT328	0	0.9410176961
PWY-7219: adenosine ribonucleotides de novo biosynthesis|unclassified	0.0000328386	0.0012786058
PWY-7220: adenosine deoxyribonucleotides de novo biosynthesis II|g__Acidovorax.s__Acidovorax_avenae	1.0000000000	0.9999871286
PWY-7220: adenosine deoxyribonucleotides de novo biosynthesis II|g__Bacillus.s__Bacillus_sp_UMB0893	0.9116837437	0
PWY-7220: adenosine deoxyribonucleotides de novo biosynthesis II|g__Caulobacter.s__Caulobacter_sp_774	0.0415569975	0.9995495810
PWY-7220: adenosine deoxyribonucleotides de novo biosynthesis II|g__Massilia.s__Massilia_sp_BSC265	1.0000000000	0
PWY-7220: adenosine deoxyribonucleotides de novo biosynthesis II|g__Massilia.s__Massilia_sp_LC238	0.0000152916	1.0000000000
PWY-7220: adenosine deoxyribonucleotides de novo biosynthesis II|g__Sphingobium.s__Sphingobium_yanoikuyae	0.6605476933	0.8711270074
PWY-7220: adenosine deoxyribonucleotides de novo biosynthesis II|g__Sphingomonas.s__Sphingomonas_sp_RIT328	0	0.9999997964
PWY-7220: adenosine deoxyribonucleotides de novo biosynthesis II|unclassified	0.0000000000	0.0000000000
PWY-7221: guanosine ribonucleotides de novo biosynthesis|g__Acidovorax.s__Acidovorax_avenae	0.9998948490	0.9999902625
PWY-7221: guanosine ribonucleotides de novo biosynthesis|g__Bacillus.s__Bacillus_sp_UMB0893	0.9302278858	0
PWY-7221: guanosine ribonucleotides de novo biosynthesis|g__Caulobacter.s__Caulobacter_sp_774	0.0534871041	0.0074566286
PWY-7221: guanosine ribonucleotides de novo biosynthesis|g__Massilia.s__Massilia_sp_BSC265	0.9999999806	0
PWY-7221: guanosine ribonucleotides de novo biosynthesis|g__Massilia.s__Massilia_sp_LC238	0.0000000000	0.0001245590
PWY-7221: guanosine ribonucleotides de novo biosynthesis|g__Sphingobium.s__Sphingobium_yanoikuyae	0.6124162960	0.1488890327
PWY-7221: guanosine ribonucleotides de novo biosynthesis|g__Sphingomonas.s__Sphingomonas_sp_RIT328	0	0.3777252087
PWY-7221: guanosine ribonucleotides de novo biosynthesis|unclassified	0.0000000000	0.4950404759
PWY-7222: guanosine deoxyribonucleotides de novo biosynthesis II|g__Acidovorax.s__Acidovorax_avenae	1.0000000000	0.9999871286
PWY-7222: guanosine deoxyribonucleotides de novo biosynthesis II|g__Bacillus.s__Bacillus_sp_UMB0893	0.9116837437	0
PWY-7222: guanosine deoxyribonucleotides de novo biosynthesis II|g__Caulobacter.s__Caulobacter_sp_774	0.0415569975	0.9995495810
PWY-7222: guanosine deoxyribonucleotides de novo biosynthesis II|g__Massilia.s__Massilia_sp_BSC265	1.0000000000	0
PWY-7222: guanosine deoxyribonucleotides de novo biosynthesis II|g__Massilia.s__Massilia_sp_LC238	0.0000152916	1.0000000000
PWY-7222: guanosine deoxyribonucleotides de novo biosynthesis II|g__Sphingobium.s__Sphingobium_yanoikuyae	0.6605476933	0.8711270074
PWY-7222: guanosine deoxyribonucleotides de novo biosynthesis II|g__Sphingomonas.s__Sphingomonas_sp_RIT328	0	0.9999997964
PWY-7222: guanosine deoxyribonucleotides de novo biosynthesis II|unclassified	0.0000000000	0.0000000000
PWY-7228: superpathway of guanosine nucleotides de novo biosynthesis I|g__Acidovorax.s__Acidovorax_avenae	0.9999298969	0.9999902904
PWY-7228: superpathway of guanosine nucleotides de novo biosynthesis I|g__Bacillus.s__Bacillus_sp_UMB0893	0.9309067097	0
PWY-7228: superpathway of guanosine nucleotides de novo biosynthesis I|g__Caulobacter.s__Caulobacter_sp_774	0.0538699326	0.0111433829
PWY-7228: superpathway of guanosine nucleotides de novo biosynthesis I|g__Massilia.s__Massilia_sp_BSC265	0.9999999871	0
PWY-7228: superpathway of guanosine nucleotides de novo biosynthesis I|g__Massilia.s__Massilia_sp_LC238	0.0000000000	0.0001868268
PWY-7228: superpathway of guanosine nucleotides de novo biosynthesis I|g__Sphingobium.s__Sphingobium_yanoikuyae	0.6449984679	0.2062737965
PWY-7228: superpathway of guanosine nucleotides de novo biosynthesis I|g__Sphingomonas.s__Sphingomonas_sp_RIT328	0	0.4765797134
PWY-7228: superpathway of guanosine nucleotides de novo biosynthesis I|unclassified	0.0000000000	0.0000000000
PWY-7229: superpathway of adenosine nucleotides de novo biosynthesis I|g__Massilia.s__Massilia_sp_BSC265	0.0043522005	0
PWY-7229: superpathway of adenosine nucleotides de novo biosynthesis I|g__Sphingobium.s__Sphingobium_yanoikuyae	0.0307799967	0.0628876350
PWY-7229: superpathway of adenosine nucleotides de novo biosynthesis I|g__Sphingomonas.s__Sphingomonas_sp_RIT328	0	0.0321323664
PWY-7229: superpathway of adenosine nucleotides de novo biosynthesis I|unclassified	0.0000000000	0.0000000000
PWY-7234: inosine-5'-phosphate biosynthesis III|g__Acidovorax.s__Acidovorax_avenae	0.0000000000	0.0000000000
PWY-7234: inosine-5'-phosphate biosynthesis III|g__Bacillus.s__Bacillus_sp_UMB0893	0.0022502024	0
PWY-7234: inosine-5'-phosphate biosynthesis III|g__Caulobacter.s__Caulobacter_sp_774	0.0000443475	0.0000000000
PWY-7234: inosine-5'-phosphate biosynthesis III|g__Massilia.s__Massilia_sp_BSC265	0.0000000000	0
PWY-7234: inosine-5'-phosphate biosynthesis III|g__Massilia.s__Massilia_sp_LC238	0.0000000000	0.0000000000
PWY-7234: inosine-5'-phosphate biosynthesis III|g__Sphingobium.s__Sphingobium_yanoikuyae	0.0001251104	0.0000000000
PWY-7234: inosine-5'-phosphate biosynthesis III|g__Sphingomonas.s__Sphingomonas_sp_RIT328	0	0.0000000000
PWY-7234: inosine-5'-phosphate biosynthesis III|unclassified	0.0000000000	0.0000000000
PWY-7237: myo-, chiro- and scillo-inositol degradation|unclassified	0	0.0000000000
PWY-7242: D-fructuronate degradation|unclassified	0.0000000000	0.0000000000
PWY-724: superpathway of L-lysine, L-threonine and L-methionine biosynthesis II|g__Acidovorax.s__Acidovorax_avenae	0.0000000000	0.0000000000
PWY-724: superpathway of L-lysine, L-threonine and L-methionine biosynthesis II|g__Bacillus.s__Bacillus_sp_UMB0893	0.0118785914	0
PWY-724: superpathway of L-lysine, L-threonine and L-methionine biosynthesis II|g__Caulobacter.s__Caulobacter_sp_774	0.0046624160	0.0000344700
PWY-724: superpathway of L-lysine, L-threonine and L-methionine biosynthesis II|g__Sphingobium.s__Sphingobium_yanoikuyae	0.0151687459	0.0002637410
PWY-724: superpathway of L-lysine, L-threonine and L-methionine biosynthesis II|g__Sphingomonas.s__Sphingomonas_sp_RIT328	0	0.0000000000
PWY-724: superpathway of L-lysine, L-threonine and L-methionine biosynthesis II|unclassified	0.0000000000	0.0000000015
PWY-7254: TCA cycle VII (acetate-producers)|unclassified	0.0000000000	0.0000000000
PWY-7268: NAD/NADP-NADH/NADPH cytosolic interconversion (yeast)|g__Acidovorax.s__Acidovorax_avenae	0.0000000000	0.0000000000
PWY-7268: NAD/NADP-NADH/NADPH cytosolic interconversion (yeast)|g__Massilia.s__Massilia_sp_BSC265	0.0000000000	0
PWY-7268: NAD/NADP-NADH/NADPH cytosolic interconversion (yeast)|g__Massilia.s__Massilia_sp_LC238	0.9999646715	0.0000000000
PWY-7268: NAD/NADP-NADH/NADPH cytosolic interconversion (yeast)|unclassified	0.0000000000	0.9999999287
PWY-7269: NAD/NADP-NADH/NADPH mitochondrial interconversion (yeast)|g__Acidovorax.s__Acidovorax_avenae	0.0000000000	0.0000000000
PWY-7269: NAD/NADP-NADH/NADPH mitochondrial interconversion (yeast)|unclassified	0.0000000000	0.9999998930
PWY-7279: aerobic respiration II (cytochrome c) (yeast)|g__Acidovorax.s__Acidovorax_avenae	0.0000156262	0.9999999999
PWY-7279: aerobic respiration II (cytochrome c) (yeast)|g__Caulobacter.s__Caulobacter_sp_774	0.9999995970	0.5004403173
PWY-7279: aerobic respiration II (cytochrome c) (yeast)|g__Massilia.s__Massilia_sp_BSC265	0.0012732056	0
PWY-7279: aerobic respiration II (cytochrome c) (yeast)|g__Massilia.s__Massilia_sp_LC238	1.0000000000	1.0000000000
PWY-7279: aerobic respiration II (cytochrome c) (yeast)|g__Sphingobium.s__Sphingobium_yanoikuyae	0.9944687540	0.0006094776
PWY-7279: aerobic respiration II (cytochrome c) (yeast)|g__Sphingomonas.s__Sphingomonas_sp_RIT328	0	0.9992470150
PWY-7279: aerobic respiration II (cytochrome c) (yeast)|unclassified	1.0000000000	1.0000000000
PWY-7282: 4-amino-2-methyl-5-phosphomethylpyrimidine biosynthesis (yeast)|g__Acidovorax.s__Acidovorax_avenae	0	0.0000000000
PWY-7282: 4-amino-2-methyl-5-phosphomethylpyrimidine biosynthesis (yeast)|unclassified	0.0000000000	0.0000000000
PWY-7312: dTDP-D-&beta;-fucofuranose biosynthesis|unclassified	0.0000000000	0.0000000000
PWY-7316: dTDP-N-acetylviosamine biosynthesis|unclassified	0.0000000000	0.0000000000
PWY-7323: superpathway of GDP-mannose-derived O-antigen building blocks biosynthesis|unclassified	0.0000000000	0.0000000000
PWY-7328: superpathway of UDP-glucose-derived O-antigen building blocks biosynthesis|unclassified	0.0000000000	0.0000000000
PWY-7357: thiamin formation from pyrithiamine and oxythiamine (yeast)|unclassified	0.0000000000	0.0000000000
PWY-7383: anaerobic energy metabolism (invertebrates, cytosol)|unclassified	0.0000000000	0.0000000000
PWY-7388: octanoyl-[acyl-carrier protein] biosynthesis (mitochondria, yeast)|g__Acidovorax.s__Acidovorax_avenae	0.0000000000	0.0000000000
PWY-7388: octanoyl-[acyl-carrier protein] biosynthesis (mitochondria, yeast)|g__Caulobacter.s__Caulobacter_sp_774	0.0006933519	0.0003512720
PWY-7388: octanoyl-[acyl-carrier protein] biosynthesis (mitochondria, yeast)|g__Massilia.s__Massilia_sp_BSC265	0.0000000000	0
PWY-7388: octanoyl-[acyl-carrier protein] biosynthesis (mitochondria, yeast)|g__Massilia.s__Massilia_sp_LC238	0.0000000000	0.0000000000
PWY-7388: octanoyl-[acyl-carrier protein] biosynthesis (mitochondria, yeast)|unclassified	0.0000000000	0.0000000000
PWY-7392: taxadiene biosynthesis (engineered)|unclassified	0.0000000000	0.0000000000
PWY-7400: L-arginine biosynthesis IV (archaebacteria)|g__Acidovorax.s__Acidovorax_avenae	0.0000000000	0.0000000000
PWY-7400: L-arginine biosynthesis IV (archaebacteria)|g__Bacillus.s__Bacillus_sp_UMB0893	0.1329000594	0
PWY-7400: L-arginine biosynthesis IV (archaebacteria)|g__Caulobacter.s__Caulobacter_sp_774	0.0160846170	0.0000005827
PWY-7400: L-arginine biosynthesis IV (archaebacteria)|g__Massilia.s__Massilia_sp_BSC265	0.6772237282	0
PWY-7400: L-arginine biosynthesis IV (archaebacteria)|g__Massilia.s__Massilia_sp_LC238	0.0000000000	0.0000000000
PWY-7400: L-arginine biosynthesis IV (archaebacteria)|g__Sphingobium.s__Sphingobium_yanoikuyae	0.4549783603	0.0004890015
PWY-7400: L-arginine biosynthesis IV (archaebacteria)|g__Sphingomonas.s__Sphingomonas_sp_RIT328	0	0.0000001508
PWY-7400: L-arginine biosynthesis IV (archaebacteria)|unclassified	0.0000000062	0.7217105857
PWY-7431: aromatic biogenic amine degradation (bacteria)|unclassified	0.0000000000	0.0000000000
PWY-7539: 6-hydroxymethyl-dihydropterin diphosphate biosynthesis III (Chlamydia)|unclassified	0.0000000000	0.0000000000
PWY-7560: methylerythritol phosphate pathway II|unclassified	0.0000000000	0.0000000000
PWY-7616: methanol oxidation to carbon dioxide|unclassified	0.0000000000	0.0000000000
PWY-7663: gondoate biosynthesis (anaerobic)|g__Acidovorax.s__Acidovorax_avenae	1.0000000000	1.0000000000
PWY-7663: gondoate biosynthesis (anaerobic)|g__Bacillus.s__Bacillus_sp_UMB0893	0.0015532546	0
PWY-7663: gondoate biosynthesis (anaerobic)|g__Caulobacter.s__Caulobacter_sp_774	0.9394856297	0.9992818514
PWY-7663: gondoate biosynthesis (anaerobic)|g__Massilia.s__Massilia_sp_BSC265	0.0000000000	0
PWY-7663: gondoate biosynthesis (anaerobic)|g__Massilia.s__Massilia_sp_LC238	0.0000000000	0.0000000000
PWY-7663: gondoate biosynthesis (anaerobic)|g__Sphingobium.s__Sphingobium_yanoikuyae	0.0008539612	0.6821805844
PWY-7663: gondoate biosynthesis (anaerobic)|unclassified	0.9999999997	0.9912350954
PWY-7664: oleate biosynthesis IV (anaerobic)|g__Acidovorax.s__Acidovorax_avenae	0.0004415778	0.2131138518
PWY-7664: oleate biosynthesis IV (anaerobic)|g__Caulobacter.s__Caulobacter_sp_774	0.5184784694	0.9391687642
PWY-7664: oleate biosynthesis IV (anaerobic)|unclassified	0.0000000000	0.0000000000
PWY-821: superpathway of sulfur amino acid biosynthesis (Saccharomyces cerevisiae)|unclassified	0.0000000000	0.0000000000
PWY-841: superpathway of purine nucleotides de novo biosynthesis I|g__Massilia.s__Massilia_sp_BSC265	0.0000000000	0
PWY-841: superpathway of purine nucleotides de novo biosynthesis I|g__Sphingobium.s__Sphingobium_yanoikuyae	0.0657884396	0.0001202050
PWY-841: superpathway of purine nucleotides de novo biosynthesis I|g__Sphingomonas.s__Sphingomonas_sp_RIT328	0	0.0000036088
PWY-841: superpathway of purine nucleotides de novo biosynthesis I|unclassified	0.0000000000	0.0000000000
PWY0-1061: superpathway of L-alanine biosynthesis|unclassified	0.0000000000	0.0000000000
PWY0-1261: anhydromuropeptides recycling|g__Acidovorax.s__Acidovorax_avenae	0.0000000000	0.0000000000
PWY0-1261: anhydromuropeptides recycling|g__Massilia.s__Massilia_sp_BSC265	0.0000000000	0
PWY0-1261: anhydromuropeptides recycling|g__Massilia.s__Massilia_sp_LC238	0.0000000000	0.0000000000
PWY0-1261: anhydromuropeptides recycling|unclassified	0.0000000000	0.0124940792
PWY0-1277: 3-phenylpropanoate and 3-(3-hydroxyphenyl)propanoate degradation|unclassified	0.0000000000	0.0000000000
PWY0-1296: purine ribonucleosides degradation|g__Bacillus.s__Bacillus_sp_UMB0893	0.6089355414	0
PWY0-1296: purine ribonucleosides degradation|g__Massilia.s__Massilia_sp_BSC265	1.0000000000	0
PWY0-1296: purine ribonucleosides degradation|g__Massilia.s__Massilia_sp_LC238	0.0000000000	0.0002017967
PWY0-1296: purine ribonucleosides degradation|unclassified	0.0000000000	0.0000000000
PWY0-1297: superpathway of purine deoxyribonucleosides degradation|unclassified	0.0000000000	0.0000000000
PWY0-1298: superpathway of pyrimidine deoxyribonucleosides degradation|unclassified	0.0000000000	0.0000000000
PWY0-1319: CDP-diacylglycerol biosynthesis II|unclassified	0.0000000000	0.0000000000
PWY0-1479: tRNA processing|g__Acidovorax.s__Acidovorax_avenae	0.0000000000	0.0000000000
PWY0-1479: tRNA processing|g__Caulobacter.s__Caulobacter_sp_774	0.0384266423	0.0000343318
PWY0-1479: tRNA processing|g__Massilia.s__Massilia_sp_BSC265	0.0000000000	0
PWY0-1479: tRNA processing|g__Massilia.s__Massilia_sp_LC238	0.0000000000	0.0000000000
PWY0-1479: tRNA processing|g__Sphingobium.s__Sphingobium_yanoikuyae	0.1044942860	0.0000000000
PWY0-1479: tRNA processing|g__Sphingomonas.s__Sphingomonas_sp_RIT328	0	0.0009461076
PWY0-1479: tRNA processing|unclassified	0.0000000000	0.0000000000
PWY0-1586: peptidoglycan maturation (meso-diaminopimelate containing)|g__Acidovorax.s__Acidovorax_avenae	1.0000000000	1.0000000000
PWY0-1586: peptidoglycan maturation (meso-diaminopimelate containing)|g__Massilia.s__Massilia_sp_BSC265	1.0000000000	0
PWY0-1586: peptidoglycan maturation (meso-diaminopimelate containing)|g__Massilia.s__Massilia_sp_LC238	1.0000000000	1.0000000000
PWY0-1586: peptidoglycan maturation (meso-diaminopimelate containing)|g__Sphingobium.s__Sphingobium_yanoikuyae	0.0000004435	0.0000000000
PWY0-1586: peptidoglycan maturation (meso-diaminopimelate containing)|g__Sphingomonas.s__Sphingomonas_sp_RIT328	0	0.0003411987
PWY0-1586: peptidoglycan maturation (meso-diaminopimelate containing)|unclassified	1.0000000000	1.0000000000
PWY0-162: superpathway of pyrimidine ribonucleotides de novo biosynthesis|g__Acidovorax.s__Acidovorax_avenae	0.0000000000	0.0000000000
PWY0-162: superpathway of pyrimidine ribonucleotides de novo biosynthesis|g__Caulobacter.s__Caulobacter_sp_774	0.0000425903	0.0000003915
PWY0-162: superpathway of pyrimidine ribonucleotides de novo biosynthesis|g__Massilia.s__Massilia_sp_BSC265	0.0000000000	0
PWY0-162: superpathway of pyrimidine ribonucleotides de novo biosynthesis|g__Massilia.s__Massilia_sp_LC238	0.0000000000	0.0000000000
PWY0-162: superpathway of pyrimidine ribonucleotides de novo biosynthesis|g__Sphingobium.s__Sphingobium_yanoikuyae	0.0000454714	0.0009746967
PWY0-162: superpathway of pyrimidine ribonucleotides de novo biosynthesis|g__Sphingomonas.s__Sphingomonas_sp_RIT328	0	0.0000000000
PWY0-162: superpathway of pyrimidine ribonucleotides de novo biosynthesis|unclassified	0.0000000000	0.0000000000
PWY0-166: superpathway of pyrimidine deoxyribonucleotides de novo biosynthesis (E. coli)|g__Acidovorax.s__Acidovorax_avenae	0.0000000000	0.0000000000
PWY0-166: superpathway of pyrimidine deoxyribonucleotides de novo biosynthesis (E. coli)|g__Caulobacter.s__Caulobacter_sp_774	0.0183549461	0.0002474086
PWY0-166: superpathway of pyrimidine deoxyribonucleotides de novo biosynthesis (E. coli)|g__Massilia.s__Massilia_sp_BSC265	0.0000000000	0
PWY0-166: superpathway of pyrimidine deoxyribonucleotides de novo biosynthesis (E. coli)|g__Massilia.s__Massilia_sp_LC238	0.0000000000	0.0000000000
PWY0-166: superpathway of pyrimidine deoxyribonucleotides de novo biosynthesis (E. coli)|g__Sphingobium.s__Sphingobium_yanoikuyae	0	0.0000000000
PWY0-166: superpathway of pyrimidine deoxyribonucleotides de novo biosynthesis (E. coli)|g__Sphingomonas.s__Sphingomonas_sp_RIT328	0	0.0026214656
PWY0-166: superpathway of pyrimidine deoxyribonucleotides de novo biosynthesis (E. coli)|unclassified	0.0000000000	0.0000000000
PWY0-42: 2-methylcitrate cycle I|unclassified	0.0000000000	0.0000000000
PWY0-781: aspartate superpathway|unclassified	0.0000000000	0.0000000000
PWY0-862: (5Z)-dodec-5-enoate biosynthesis|g__Acidovorax.s__Acidovorax_avenae	0.0003785191	0.1884049744
PWY0-862: (5Z)-dodec-5-enoate biosynthesis|g__Caulobacter.s__Caulobacter_sp_774	0.9588158119	0.9995210535
PWY0-862: (5Z)-dodec-5-enoate biosynthesis|unclassified	0.0000000000	0.0000000000
PWY1F-823: leucopelargonidin and leucocyanidin biosynthesis|unclassified	0.0000000000	0.0000000000
PWY1G-0: mycothiol biosynthesis|unclassified	0.0000000000	0.0000000000
PWY3DJ-35471: L-ascorbate biosynthesis IV|g__Massilia.s__Massilia_sp_BSC265	0.0000000000	0
PWY3DJ-35471: L-ascorbate biosynthesis IV|g__Massilia.s__Massilia_sp_LC238	0.0000000000	0.0000000000
PWY3DJ-35471: L-ascorbate biosynthesis IV|unclassified	0.0000000000	0.0000000000
PWY3O-355: stearate biosynthesis III (fungi)|unclassified	0.0000000000	0.0000000000
PWY490-3: nitrate reduction VI (assimilatory)|unclassified	0.0000000000	0.0000000000
PWY4FS-7: phosphatidylglycerol biosynthesis I (plastidic)|unclassified	0.0000000000	0.0000000000
PWY4FS-8: phosphatidylglycerol biosynthesis II (non-plastidic)|unclassified	0.0000000000	0.0000000000
PWY5F9-12: biphenyl degradation|unclassified	0.0000000000	0.0000000000
PWY66-389: phytol degradation|g__Acidovorax.s__Acidovorax_avenae	0.0000000000	0.0000000000
PWY66-389: phytol degradation|g__Sphingobium.s__Sphingobium_yanoikuyae	0.0026460029	0.3289626477
PWY66-389: phytol degradation|unclassified	1.0000000000	1.0000000000
PWY66-398: TCA cycle III (animals)|unclassified	0.0000000000	0
PWY66-399: gluconeogenesis III|unclassified	0.0000000000	0.0000000000
PWY66-400: glycolysis VI (metazoan)|unclassified	0.0000000000	0.0000000000
PWY66-409: superpathway of purine nucleotide salvage|unclassified	0.0000000000	0.0000000000
PWY66-422: D-galactose degradation V (Leloir pathway)|g__Massilia.s__Massilia_sp_BSC265	0.0000000000	0
PWY66-422: D-galactose degradation V (Leloir pathway)|g__Massilia.s__Massilia_sp_LC238	0.0000000000	0.0000000000
PWY66-422: D-galactose degradation V (Leloir pathway)|unclassified	0.0000016708	0.0000000000
PWYG-321: mycolate biosynthesis|g__Acidovorax.s__Acidovorax_avenae	0.0007761407	0.3225794694
PWYG-321: mycolate biosynthesis|g__Caulobacter.s__Caulobacter_sp_774	0.4585429964	0.2991484178
PWYG-321: mycolate biosynthesis|unclassified	0.0000000000	0.0000000000
PYRIDNUCSAL-PWY: NAD salvage pathway I|unclassified	0.0000000000	0.0000000000
PYRIDNUCSYN-PWY: NAD biosynthesis I (from aspartate)|g__Caulobacter.s__Caulobacter_sp_774	0.0000000021	0.0000000000
PYRIDNUCSYN-PWY: NAD biosynthesis I (from aspartate)|g__Massilia.s__Massilia_sp_BSC265	0.0000000000	0
PYRIDNUCSYN-PWY: NAD biosynthesis I (from aspartate)|unclassified	0.0043291123	0.0021721359
REDCITCYC: TCA cycle VIII (helicobacter)|unclassified	0.0000000000	0.0000000000
RIBOSYN2-PWY: flavin biosynthesis I (bacteria and plants)|g__Massilia.s__Massilia_sp_BSC265	0.0000000000	0
RIBOSYN2-PWY: flavin biosynthesis I (bacteria and plants)|g__Massilia.s__Massilia_sp_LC238	0.0000000000	0.0000000000
RIBOSYN2-PWY: flavin biosynthesis I (bacteria and plants)|g__Sphingobium.s__Sphingobium_yanoikuyae	0.0010089510	0.2731010839
RIBOSYN2-PWY: flavin biosynthesis I (bacteria and plants)|unclassified	0.0413610607	0.0000000000
RUMP-PWY: formaldehyde oxidation I|unclassified	0.0000000000	0
SALVADEHYPOX-PWY: adenosine nucleotides degradation II|unclassified	0.0000000000	0.0000000000
SER-GLYSYN-PWY: superpathway of L-serine and glycine biosynthesis I|g__Acidovorax.s__Acidovorax_avenae	0.0000007547	0.0000000000
SER-GLYSYN-PWY: superpathway of L-serine and glycine biosynthesis I|g__Bacillus.s__Bacillus_sp_UMB0893	0.0136384909	0
SER-GLYSYN-PWY: superpathway of L-serine and glycine biosynthesis I|g__Caulobacter.s__Caulobacter_sp_774	0.3918551347	0.0000194251
SER-GLYSYN-PWY: superpathway of L-serine and glycine biosynthesis I|g__Sphingobium.s__Sphingobium_yanoikuyae	0.3473703521	0.0000000898
SER-GLYSYN-PWY: superpathway of L-serine and glycine biosynthesis I|g__Sphingomonas.s__Sphingomonas_sp_RIT328	0	0.9993712169
SER-GLYSYN-PWY: superpathway of L-serine and glycine biosynthesis I|unclassified	0.7250948428	0.0040059928
SO4ASSIM-PWY: sulfate reduction I (assimilatory)|g__Acidovorax.s__Acidovorax_avenae	0.0000000000	0.0000000000
SO4ASSIM-PWY: sulfate reduction I (assimilatory)|g__Bacillus.s__Bacillus_sp_UMB0893	0.0328360590	0
SO4ASSIM-PWY: sulfate reduction I (assimilatory)|g__Caulobacter.s__Caulobacter_sp_774	0.1432982643	0.0000000000
SO4ASSIM-PWY: sulfate reduction I (assimilatory)|g__Sphingobium.s__Sphingobium_yanoikuyae	0.0001317546	0.9988438738
SO4ASSIM-PWY: sulfate reduction I (assimilatory)|g__Sphingomonas.s__Sphingomonas_sp_RIT328	0	0.0007843200
SO4ASSIM-PWY: sulfate reduction I (assimilatory)|unclassified	0.0000000000	0.0000000000
SULFATE-CYS-PWY: superpathway of sulfate assimilation and cysteine biosynthesis|g__Acidovorax.s__Acidovorax_avenae	0.0000000000	0.0000000000
SULFATE-CYS-PWY: superpathway of sulfate assimilation and cysteine biosynthesis|g__Bacillus.s__Bacillus_sp_UMB0893	0.0156931027	0
SULFATE-CYS-PWY: superpathway of sulfate assimilation and cysteine biosynthesis|g__Sphingomonas.s__Sphingomonas_sp_RIT328	0	0.0017597319
SULFATE-CYS-PWY: superpathway of sulfate assimilation and cysteine biosynthesis|unclassified	0.0000000000	0.0000000000
TCA-GLYOX-BYPASS: superpathway of glyoxylate bypass and TCA|g__Acidovorax.s__Acidovorax_avenae	0.0000000000	0.0000000000
TCA-GLYOX-BYPASS: superpathway of glyoxylate bypass and TCA|g__Sphingobium.s__Sphingobium_yanoikuyae	0.0000490780	0.0026329728
TCA-GLYOX-BYPASS: superpathway of glyoxylate bypass and TCA|unclassified	0.0000051265	0.0000000000
TCA: TCA cycle I (prokaryotic)|g__Acidovorax.s__Acidovorax_avenae	0.0000024604	0.0551652913
TCA: TCA cycle I (prokaryotic)|g__Massilia.s__Massilia_sp_LC238	0.0000000000	0.0000000000
TCA: TCA cycle I (prokaryotic)|g__Sphingobium.s__Sphingobium_yanoikuyae	0.0000654370	0.1094433869
TCA: TCA cycle I (prokaryotic)|unclassified	0.0000068340	0.0000000000
THISYNARA-PWY: superpathway of thiamin diphosphate biosynthesis III (eukaryotes)|unclassified	0.0000000000	0.0000000000
THRESYN-PWY: superpathway of L-threonine biosynthesis|g__Acidovorax.s__Acidovorax_avenae	0.0000000000	0.0000000000
THRESYN-PWY: superpathway of L-threonine biosynthesis|g__Bacillus.s__Bacillus_sp_UMB0893	0.0418029320	0
THRESYN-PWY: superpathway of L-threonine biosynthesis|g__Caulobacter.s__Caulobacter_sp_774	0.0029827999	0.0000207229
THRESYN-PWY: superpathway of L-threonine biosynthesis|g__Sphingobium.s__Sphingobium_yanoikuyae	0.0107960075	0.0001583444
THRESYN-PWY: superpathway of L-threonine biosynthesis|g__Sphingomonas.s__Sphingomonas_sp_RIT328	0	0.0004242187
THRESYN-PWY: superpathway of L-threonine biosynthesis|unclassified	0.0355198690	0.0000000009
TRNA-CHARGING-PWY: tRNA charging|g__Bacillus.s__Bacillus_sp_UMB0893	0.0428610846	0
TRNA-CHARGING-PWY: tRNA charging|unclassified	0.0000000000	0.0000000000
TRPSYN-PWY: L-tryptophan biosynthesis|g__Acidovorax.s__Acidovorax_avenae	0.0000000000	0.0000000000
TRPSYN-PWY: L-tryptophan biosynthesis|g__Bacillus.s__Bacillus_sp_UMB0893	0.0135424118	0
TRPSYN-PWY: L-tryptophan biosynthesis|g__Caulobacter.s__Caulobacter_sp_774	0.0000000029	0.0000000000
TRPSYN-PWY: L-tryptophan biosynthesis|g__Massilia.s__Massilia_sp_BSC265	0.0000000000	0
TRPSYN-PWY: L-tryptophan biosynthesis|g__Massilia.s__Massilia_sp_LC238	0.0000000000	0.0000000000
TRPSYN-PWY: L-tryptophan biosynthesis|g__Sphingobium.s__Sphingobium_yanoikuyae	0.0001880966	0.0000019175
TRPSYN-PWY: L-tryptophan biosynthesis|g__Sphingomonas.s__Sphingomonas_sp_RIT328	0	0.0000011679
TRPSYN-PWY: L-tryptophan biosynthesis|unclassified	0.9999999997	0.9999999910
TYRFUMCAT-PWY: L-tyrosine degradation I|unclassified	0.0000000653	0.0000000000
UBISYN-PWY: superpathway of ubiquinol-8 biosynthesis (prokaryotic)|unclassified	0.6573070683	0.0056554865
UDPNAGSYN-PWY: UDP-N-acetyl-D-glucosamine biosynthesis I|g__Acidovorax.s__Acidovorax_avenae	0.0000000000	0.0000000000
UDPNAGSYN-PWY: UDP-N-acetyl-D-glucosamine biosynthesis I|g__Bacillus.s__Bacillus_sp_UMB0893	0.9988690538	0
UDPNAGSYN-PWY: UDP-N-acetyl-D-glucosamine biosynthesis I|g__Caulobacter.s__Caulobacter_sp_774	0.0013174384	0.0000000000
UDPNAGSYN-PWY: UDP-N-acetyl-D-glucosamine biosynthesis I|g__Massilia.s__Massilia_sp_BSC265	0.8715281580	0
UDPNAGSYN-PWY: UDP-N-acetyl-D-glucosamine biosynthesis I|g__Massilia.s__Massilia_sp_LC238	0.0000000000	0.0000000000
UDPNAGSYN-PWY: UDP-N-acetyl-D-glucosamine biosynthesis I|g__Sphingobium.s__Sphingobium_yanoikuyae	0.1511279547	0.6571838112
UDPNAGSYN-PWY: UDP-N-acetyl-D-glucosamine biosynthesis I|g__Sphingomonas.s__Sphingomonas_sp_RIT328	0	0.0388773863
UDPNAGSYN-PWY: UDP-N-acetyl-D-glucosamine biosynthesis I|unclassified	1.0000000000	1.0000000000
URSIN-PWY: ureide biosynthesis|unclassified	0.0000000000	0.0000000000
VALSYN-PWY: L-valine biosynthesis|g__Acidovorax.s__Acidovorax_avenae	0.9999999997	1.0000000000
VALSYN-PWY: L-valine biosynthesis|g__Bacillus.s__Bacillus_sp_UMB0893	0.0584746191	0
VALSYN-PWY: L-valine biosynthesis|g__Caulobacter.s__Caulobacter_sp_774	0.9878317680	0.6512486814
VALSYN-PWY: L-valine biosynthesis|g__Massilia.s__Massilia_sp_BSC265	1.0000000000	0
VALSYN-PWY: L-valine biosynthesis|g__Massilia.s__Massilia_sp_LC238	1.0000000000	1.0000000000
VALSYN-PWY: L-valine biosynthesis|g__Sphingobium.s__Sphingobium_yanoikuyae	0.9097960371	0.5669807282
VALSYN-PWY: L-valine biosynthesis|g__Sphingomonas.s__Sphingomonas_sp_RIT328	0	0.9999998799
VALSYN-PWY: L-valine biosynthesis|unclassified	0.0411845078	0.0000000232
